,complex_nm,trains,tot2012,tot2013,tot2014,tot2015,tot2016,tot2017,avwkdy12,avwkdy13,avwkdy14,avwkdy15,avwkdy16,avwkdy17,avwken12,avwken13,avwken14,avwken15,avwken16,avwken17
0,149 St-Grand Concourse,2 4 5,4104847.0,4427399.0,4536888.0,4424754.0,4381900.0,4255015.0,3183.0,3222.0,3416.0,3480.0,3532.0,3486,2648.0,2540.0,3017.0,3136.0,3123.0,2793
1,161 St-Yankee Stadium,B D 4,8831015.0,8766012.0,8961029.0,8922188.0,8784407.0,8596506.0,13599.0,14380.0,14576.0,14465.0,14460.0,14063,13024.0,14202.0,15326.0,13683.0,12797.0,12623
2,167 St,4,3039634.0,3081534.0,3067345.0,3180274.0,3179087.0,2954228.0,27604.0,26972.0,27541.0,27020.0,26947.0,26674,35820.0,35071.0,36176.0,36969.0,35171.0,33398
3,167 St,B D,2972535.0,3091289.0,3245977.0,3295032.0,3365748.0,3293451.0,9699.0,9904.0,9793.0,9923.0,9972.0,9466,11188.0,10176.0,10417.0,11942.0,11579.0,9981
4,170 St,4,2980786.0,2961575.0,2941958.0,3045205.0,3038777.0,2785331.0,9264.0,9374.0,9906.0,10166.0,10439.0,10223,11924.0,12887.0,13220.0,12890.0,12775.0,12682
5,170 St,B D,2032837.0,2174082.0,2297459.0,2286670.0,2317558.0,2270027.0,9518.0,9525.0,9403.0,9507.0,9514.0,8910,10952.0,9768.0,9960.0,11398.0,11161.0,9482
6,174 St,2 5,2152009.0,2301756.0,2374812.0,2313651.0,2411413.0,2334317.0,6303.0,6563.0,6988.0,7101.0,7225.0,7089,8324.0,9216.0,9490.0,8737.0,8633.0,8558
7,174-175 Sts,B D,1496869.0,1598189.0,1719504.0,1695879.0,1752387.0,1735321.0,7018.0,7339.0,7599.0,7619.0,7690.0,7466,7210.0,7907.0,8003.0,6797.0,8183.0,7974
8,176 St,4,1764100.0,1837995.0,1848854.0,1969221.0,2036529.0,1943854.0,4706.0,4885.0,5301.0,5312.0,5519.0,5475,5833.0,6499.0,6777.0,6271.0,6280.0,6298
9,182-183 Sts,B D,1447028.0,1520856.0,1604218.0,1643266.0,1682092.0,1577144.0,5623.0,5905.0,5914.0,6160.0,6378.0,6232,6508.0,6067.0,6217.0,7318.0,7459.0,6549
10,183 St,4,1997038.0,2002633.0,2007140.0,2057944.0,2071316.0,2001410.0,4507.0,4554.0,4813.0,5020.0,5177.0,4990,5807.0,6617.0,6939.0,6660.0,6574.0,5623
11,219 St,2 5,1063058.0,1099491.0,1124522.0,1108859.0,1049128.0,1044200.0,6319.0,6360.0,6356.0,6372.0,6443.0,6271,7588.0,6967.0,7056.0,7944.0,7786.0,7426
12,225 St,2 5,1382626.0,1400377.0,1445591.0,1439495.0,1365544.0,1323910.0,3413.0,3483.0,3544.0,3529.0,3423.0,3439,3827.0,3889.0,4056.0,3837.0,3200.0,3091
13,231 St,1,2829503.0,2757855.0,2912283.0,2966015.0,3013521.0,3013031.0,4469.0,4479.0,4593.0,4591.0,4408.0,4340,4838.0,4754.0,5043.0,4935.0,4403.0,4003
14,233 St,2 5,1674406.0,1719181.0,1803693.0,1762923.0,1688487.0,1565455.0,9187.0,8951.0,9372.0,9596.0,9749.0,9774,9704.0,8676.0,9568.0,9480.0,9561.0,9760
15,238 St,1,1106353.0,1092492.0,1209623.0,1240616.0,1327862.0,1335877.0,5388.0,5473.0,5701.0,5632.0,5438.0,5138,5971.0,5956.0,6434.0,6007.0,5501.0,4707
16,3 Av-138 St,6,2304717.0,2443326.0,2534036.0,2531974.0,2509085.0,2515479.0,3612.0,3598.0,3934.0,4068.0,4350.0,4370,3716.0,3199.0,3801.0,3719.0,3977.0,4174
17,3 Av-149 St,2 5,7525904.0,7310115.0,7763151.0,7363663.0,7609968.0,7458222.0,7326.0,7667.0,7951.0,7994.0,8008.0,8114,8670.0,9026.0,9364.0,9113.0,8543.0,8331
18,Allerton Av,2 5,1689145.0,1747352.0,1829712.0,1821628.0,1733740.0,1678247.0,24580.0,24001.0,25161.0,24813.0,24808.0,24228,25356.0,21890.0,24819.0,19003.0,23393.0,23901
19,Baychester Av,5,1161075.0,1234050.0,1186372.0,1137693.0,1112259.0,1054373.0,5389.0,5526.0,5737.0,5779.0,5530.0,5403,6242.0,6231.0,6741.0,6388.0,5889.0,5559
20,Bedford Park Blvd,B D,1929623.0,2040887.0,2136860.0,2196065.0,2240256.0,2220298.0,3980.0,4177.0,4196.0,4090.0,4064.0,3846,3032.0,3111.0,2132.0,1683.0,1343.0,1402
21,Bedford Park Blvd-Lehman College,4,1796392.0,1853706.0,1827260.0,1863892.0,1812036.0,1716853.0,6183.0,6303.0,6645.0,7046.0,7236.0,7066,7039.0,8072.0,8213.0,7377.0,7234.0,7819
22,Bronx Park East,2 5,860554.0,914831.0,933109.0,877311.0,841547.0,799927.0,6034.0,6201.0,6089.0,6040.0,5912.0,5649,5303.0,5062.0,5093.0,6026.0,5618.0,5200
23,Brook Av,6,1901192.0,1970010.0,2002825.0,1981721.0,1964831.0,1938814.0,2811.0,2959.0,3005.0,2868.0,2785.0,2676,2880.0,2953.0,3063.0,2679.0,2391.0,2184
24,Buhre Av,6,1008640.0,1111659.0,637600.0,661527.0,1048776.0,1094122.0,6113.0,6186.0,6312.0,6244.0,6226.0,6118,6742.0,7191.0,7198.0,7126.0,6850.0,7009
25,Burke Av,2 5,1086792.0,1133298.0,1158787.0,1139826.0,1099582.0,1064119.0,3418.0,3718.0,2155.0,2237.0,3568.0,3701,2837.0,3038.0,1614.0,1672.0,2540.0,2837
26,Burnside Av,4,3508076.0,3560191.0,3558297.0,3641720.0,3617308.0,3442348.0,3491.0,3612.0,3672.0,3644.0,3550.0,3466,3900.0,3902.0,4090.0,3866.0,3531.0,3330
27,Castle Hill Av,6,2327404.0,1756879.0,1491030.0,2174412.0,2100194.0,2071819.0,11387.0,11560.0,11538.0,11551.0,11479.0,11079,12070.0,11259.0,11310.0,12829.0,12611.0,11472
28,Cypress Av,6,1097947.0,1186696.0,1226878.0,1228311.0,1265930.0,1230910.0,7567.0,5632.0,4938.0,7174.0,6895.0,6756,7956.0,5918.0,4238.0,6317.0,6217.0,6487
29,East 143 St-St Mary's St,6,285464.0,273895.0,279012.0,298462.0,313386.0,285667.0,3636.0,3842.0,3984.0,3974.0,4099.0,3972,3445.0,3803.0,3870.0,3941.0,4015.0,4047
30,East 149 St,6,1403118.0,1457795.0,1460311.0,1479241.0,1518946.0,1531045.0,973.0,911.0,927.0,989.0,1043.0,953,771.0,768.0,788.0,854.0,872.0,802
31,East 180 St,2 5,2098429.0,2152570.0,2445421.0,2368031.0,2518622.0,2589024.0,4486.0,4580.0,4619.0,4647.0,4861.0,4899,5132.0,5340.0,5195.0,5402.0,5094.0,5236
32,Eastchester-Dyre Av,5,1366077.0,1441375.0,1380334.0,1330123.0,1293411.0,1261041.0,6832.0,7003.0,7489.0,7587.0,7697.0,7691,7154.0,6753.0,9919.0,8065.0,10226.0,11725
33,Elder Av,6,1936349.0,2041453.0,2084044.0,2080228.0,2117178.0,2107677.0,4765.0,4948.0,4948.0,4845.0,4769.0,4647,3212.0,3334.0,2193.0,1697.0,1377.0,1479
34,Fordham Rd,4,3947625.0,3946955.0,3857749.0,3892140.0,3858183.0,3656367.0,6161.0,6377.0,6496.0,6543.0,6642.0,6605,7207.0,7638.0,7860.0,7534.0,7700.0,7840
35,Fordham Rd,B D,3655007.0,3876601.0,4028205.0,3905346.0,3890986.0,3843008.0,12560.0,12558.0,12231.0,11982.0,11957.0,11503,14757.0,13711.0,13567.0,15423.0,14781.0,13431
36,Freeman St,2 5,1393186.0,1486965.0,1517066.0,1492757.0,1588448.0,1556949.0,11521.0,11878.0,12363.0,12145.0,12208.0,12054,14157.0,15697.0,16208.0,14902.0,14201.0,14314
37,Gun Hill Rd,2 5,2235325.0,2304780.0,2477798.0,2449555.0,2473814.0,2429804.0,4569.0,4762.0,4867.0,4899.0,5055.0,4984,4540.0,4994.0,5044.0,4463.0,5434.0,5291
38,Gun Hill Rd,5,1757377.0,1792707.0,1716952.0,1639924.0,1619073.0,1555601.0,7212.0,7339.0,7752.0,7790.0,7714.0,7639,7899.0,7985.0,9233.0,8528.0,9261.0,8954
39,Hunts Point Av,6,3204779.0,3158343.0,3138131.0,3305563.0,3269585.0,3243725.0,5953.0,6002.0,6038.0,5880.0,5886.0,5654,4910.0,4825.0,3240.0,2489.0,2079.0,2167
40,Intervale Av,2 5,937280.0,1048501.0,1095221.0,1039265.0,1061240.0,1045483.0,10389.0,10144.0,10111.0,10484.0,10651.0,10646,11168.0,10574.0,10352.0,11670.0,10136.0,9903
41,Jackson Av,2 5,1520612.0,1686061.0,1753555.0,1731638.0,1802193.0,1794781.0,3121.0,3420.0,3571.0,3472.0,3423.0,3377,2853.0,3239.0,3388.0,2832.0,3435.0,3431
42,Kingsbridge Rd,4,3173688.0,3198725.0,3149605.0,3171646.0,3126119.0,3024692.0,5060.0,5432.0,5631.0,5705.0,5752.0,5766,4578.0,5497.0,5780.0,5063.0,6071.0,6011
43,Kingsbridge Rd,B D,2255556.0,2390749.0,2562374.0,2530782.0,2566076.0,2589970.0,10377.0,10431.0,10231.0,10107.0,9998.0,9783,10587.0,9915.0,9927.0,10965.0,10531.0,9858
44,Longwood Av,6,1065764.0,1087990.0,1098022.0,1088970.0,1081519.0,1084049.0,7184.0,7422.0,7975.0,8006.0,8144.0,8237,8373.0,9193.0,9756.0,8995.0,8903.0,9086
45,Middletown Rd,6,566771.0,441950.0,661242.0,795762.0,598447.0,609861.0,3476.0,3494.0,3531.0,3482.0,3517.0,3518,3589.0,3635.0,3640.0,3692.0,3365.0,3487
46,Morris Park,5,589170.0,631930.0,621945.0,629282.0,677899.0,685577.0,1969.0,1514.0,2273.0,2726.0,2066.0,2102,1372.0,1039.0,1528.0,1879.0,1315.0,1403
47,Morrison Av-Soundview,6,2057570.0,2096942.0,2125383.0,2097203.0,2135920.0,2125767.0,2083.0,2210.0,2253.0,2319.0,2487.0,2527,1255.0,1268.0,874.0,679.0,779.0,802
48,Mosholu Pkwy,4,2906150.0,2917501.0,2886764.0,2891451.0,2836370.0,2695090.0,6582.0,6588.0,6669.0,6628.0,6755.0,6742,7494.0,7664.0,7810.0,7447.0,7520.0,7540
49,Mt Eden Av,4,1818870.0,1848483.0,1824861.0,1844131.0,1824478.0,1708790.0,9596.0,9588.0,9459.0,9252.0,9135.0,8770,9261.0,8681.0,8721.0,9816.0,9256.0,8527
50,Nereid Av,2 5,1086227.0,1195804.0,1183733.0,1162973.0,1131328.0,1085289.0,5859.0,5995.0,5891.0,5817.0,5770.0,5512,6444.0,5851.0,5899.0,6623.0,6435.0,5612
51,Norwood-205 St,D,2463462.0,2569581.0,2709761.0,2750124.0,2805984.0,2723506.0,3603.0,3878.0,3850.0,3817.0,3753.0,3631,3396.0,3841.0,3725.0,3501.0,3188.0,2933
52,Parkchester,6,4687402.0,5215409.0,5586943.0,5224959.0,5201901.0,5071740.0,7872.0,8043.0,8466.0,8640.0,8897.0,8751,9025.0,9562.0,10155.0,10070.0,9797.0,9127
53,Pelham Bay Park,6,2030215.0,2096130.0,2318533.0,2337689.0,2208725.0,2207720.0,15190.0,16614.0,17746.0,16572.0,16561.0,16310,16260.0,18063.0,19613.0,18457.0,17932.0,17051
54,Pelham Pkwy,2 5,2882651.0,3028494.0,3084862.0,3066190.0,2955589.0,2849210.0,6688.0,6772.0,7442.0,7432.0,7213.0,7185,6516.0,6804.0,7778.0,8134.0,6733.0,6991
55,Pelham Pkwy,5,923188.0,919689.0,907735.0,894727.0,897374.0,869177.0,9288.0,9614.0,9688.0,9774.0,9441.0,9173,10246.0,10637.0,11322.0,10586.0,10022.0,9452
56,Prospect Av,2 5,2125066.0,2311798.0,2445131.0,2394820.0,2513169.0,2413743.0,3314.0,3254.0,3304.0,3303.0,3332.0,3237,1746.0,1673.0,1210.0,944.0,858.0,866
57,Simpson St,2 5,2810789.0,3027856.0,3121036.0,3048014.0,3046838.0,2965807.0,7053.0,7424.0,7857.0,7908.0,8004.0,7704,6521.0,7683.0,8085.0,6935.0,8587.0,8324
58,St Lawrence Av,6,1212796.0,1280074.0,1315456.0,1320571.0,1329758.0,1334387.0,9243.0,9672.0,9948.0,9981.0,9680.0,9446,9045.0,10310.0,10690.0,9234.0,10504.0,10334
59,Tremont Av,B D,2791329.0,2952385.0,3130848.0,3155197.0,3213396.0,3154608.0,3852.0,3995.0,4099.0,4185.0,4187.0,4196,4537.0,4805.0,4970.0,4633.0,4776.0,4898
60,Van Cortlandt Park-242 St,1,2041551.0,2148667.0,2188428.0,2266986.0,2294482.0,2249314.0,8882.0,9157.0,9727.0,9980.0,10246.0,10055,10412.0,11386.0,12001.0,11209.0,10921.0,10962
61,Wakefield-241 St,2,1603076.0,1528793.0,1669608.0,1654707.0,1662337.0,1578125.0,6641.0,6943.0,7107.0,7338.0,7431.0,7396,6968.0,6966.0,6927.0,7302.0,7317.0,6865
62,West Farms Sq-East Tremont Av,2 5,2428999.0,2514240.0,2567773.0,2437882.0,2465907.0,2388659.0,5048.0,4825.0,5168.0,5186.0,5213.0,5129,6195.0,5443.0,6451.0,6094.0,6069.0,5027
63,Westchester Sq-East Tremont Av,6,1964525.0,2043649.0,2177402.0,2056555.0,1952473.0,1917007.0,7842.0,7979.0,8170.0,8010.0,7848.0,7657,8494.0,8803.0,8875.0,7230.0,8447.0,8074
64,Whitlock Av,6,524988.0,534489.0,543798.0,545079.0,571352.0,595385.0,6663.0,6820.0,7351.0,6912.0,6635.0,6479,5512.0,5674.0,5619.0,5464.0,4784.0,4999
65,Woodlawn,4,2417765.0,2423278.0,2375663.0,2418890.0,2380900.0,2242100.0,1691.0,1685.0,1707.0,1737.0,1830.0,1905,1857.0,1933.0,2002.0,1864.0,1913.0,2035
66,Zerega Av,6,849815.0,985388.0,599478.0,492883.0,784314.0,799739.0,7797.0,7776.0,7683.0,7637.0,7623.0,7260,8577.0,8125.0,7686.0,8724.0,8010.0,7271
67,15 St-Prospect Park,F G,1852346.0,2005424.0,2017347.0,2011237.0,1958444.0,1917454.0,2849.0,3253.0,2012.0,1647.0,2629.0,2664,2523.0,2885.0,1576.0,1327.0,2080.0,2253
68,18 Av,D,1661770.0,1954729.0,1996205.0,1925239.0,2003777.0,1948610.0,6018.0,6448.0,6495.0,6385.0,6342.0,6272,6358.0,6658.0,6651.0,7103.0,6272.0,5968
69,18 Av,F,1294568.0,1313344.0,1277024.0,1392552.0,1344286.0,1281041.0,5544.0,6162.0,6326.0,6242.0,6413.0,6196,4960.0,7057.0,7032.0,6073.0,6681.0,6807
70,18 Av,N,1819255.0,1641928.0,1775695.0,1784992.0,723187.0,992834.0,4220.0,4204.0,4050.0,4458.0,4440.0,4318,4328.0,4398.0,4465.0,4663.0,3787.0,3271
71,20 Av,D,1377648.0,1547029.0,1564060.0,1592525.0,1656437.0,1579804.0,5507.0,5092.0,5491.0,5502.0,2266.0,3107,8083.0,6296.0,6865.0,6996.0,2602.0,3695
72,20 Av,N,1245145.0,1286961.0,1305487.0,1279525.0,409416.0,664120.0,4556.0,4859.0,4930.0,5115.0,5268.0,5009,4287.0,5658.0,5621.0,5252.0,5656.0,5584
73,25 Av,D,1206526.0,1421090.0,1488192.0,1508412.0,1992945.0,1789365.0,4091.0,4190.0,4277.0,4223.0,1348.0,2139,4060.0,4026.0,3946.0,3701.0,1176.0,2194
74,25 St,R,1198226.0,1218842.0,1274939.0,1221949.0,1188884.0,1373521.0,4046.0,4607.0,4761.0,4886.0,6507.0,5790,3530.0,4536.0,5053.0,4827.0,6064.0,5798
75,36 St,D N R,3772420.0,3826400.0,3970318.0,4138929.0,4235509.0,4543305.0,3820.0,3821.0,3959.0,3847.0,3788.0,4547,4430.0,4500.0,4895.0,4434.0,4071.0,4012
76,4 Av /9 St,F G R,4300400.0,4210873.0,4120946.0,4199208.0,4138758.0,4323467.0,11946.0,12059.0,12497.0,12810.0,13180.0,13894,14459.0,13945.0,14553.0,16290.0,16191.0,18871
77,45 St,R,2255877.0,2251217.0,2323521.0,2321241.0,2228315.0,2390684.0,13471.0,13156.0,12835.0,13126.0,13116.0,13962,17155.0,15869.0,15711.0,15860.0,14654.0,14351
78,50 St,D,941157.0,1021409.0,1009971.0,968612.0,1012356.0,986060.0,7070.0,6978.0,7208.0,7265.0,7055.0,7877,8898.0,8689.0,8938.0,8620.0,7805.0,7054
79,53 St,R,2357449.0,2387370.0,2405353.0,2374338.0,2334471.0,1187907.0,3172.0,3308.0,3289.0,3220.0,3336.0,3236,2648.0,3233.0,3102.0,2672.0,2902.0,2934
80,55 St,D,546080.0,601931.0,603320.0,595157.0,665488.0,632198.0,7476.0,7479.0,7512.0,7458.0,7386.0,3788,8897.0,8842.0,9007.0,8678.0,8148.0,4009
81,59 St,N R,3848745.0,3968334.0,4094658.0,4158863.0,4169280.0,5326789.0,1859.0,1964.0,1981.0,2002.0,2223.0,2106,1445.0,1824.0,1767.0,1525.0,1758.0,1729
82,7 Av,B Q,2824839.0,2905400.0,2932926.0,2980366.0,2943272.0,3236816.0,12317.0,12506.0,12871.0,13048.0,13144.0,16759,14029.0,14372.0,14966.0,15344.0,14917.0,19650
83,7 Av,F G,3699471.0,3904986.0,3886594.0,3780126.0,3700321.0,3623053.0,9408.0,9389.0,9495.0,9641.0,9731.0,10270,8739.0,9483.0,9492.0,9731.0,8581.0,11619
84,71 St,D,1191257.0,1446020.0,1481633.0,1487929.0,2029479.0,1854361.0,12118.0,12268.0,12242.0,12049.0,11897.0,11801,12271.0,14456.0,14246.0,13202.0,12325.0,11570
85,77 St,R,1600644.0,1645262.0,1711410.0,1723178.0,1743795.0,1980011.0,4007.0,4538.0,4682.0,4802.0,6501.0,5905,3398.0,5314.0,5271.0,4808.0,6732.0,6434
86,79 St,D,1651785.0,1949861.0,2041896.0,2043471.0,2137349.0,2032937.0,5306.0,5353.0,5548.0,5608.0,5720.0,6746,5040.0,5208.0,5509.0,5448.0,5247.0,4881
87,8 Av,N,3559576.0,3677764.0,3851372.0,3796909.0,4586559.0,4088721.0,5612.0,6293.0,6617.0,6755.0,6973.0,6565,4500.0,6358.0,6504.0,5856.0,6494.0,6630
88,86 St,N,811332.0,801109.0,837472.0,859293.0,419039.0,494456.0,10613.0,10873.0,11341.0,11430.0,14201.0,12514,16292.0,16484.0,17434.0,15960.0,17252.0,16278
89,86 St,R,3515085.0,3662602.0,3753132.0,3747601.0,3752400.0,3516712.0,2552.0,2515.0,2622.0,2718.0,1298.0,1534,3159.0,2934.0,3090.0,3023.0,1578.0,1900
90,9 Av,D,1668767.0,1896942.0,1938987.0,1843944.0,1858368.0,1737192.0,11313.0,11648.0,11920.0,11963.0,12078.0,11742,12582.0,12819.0,13178.0,12889.0,12263.0,9662
91,Alabama Av,J,772447.0,770075.0,784998.0,814578.0,834945.0,755935.0,5440.0,5857.0,6004.0,5856.0,5867.0,5471,5531.0,7383.0,7466.0,6372.0,6541.0,6297
92,Atlantic Av-Barclays Ctr,B D N Q R 2 3 4 5,11526090.0,13122876.0,13617153.0,13690678.0,13818168.0,13571093.0,2464.0,2443.0,2448.0,2520.0,2585.0,2424,2844.0,2687.0,2948.0,3163.0,3206.0,2540
93,Atlantic Av,L,444960.0,482835.0,535041.0,422505.0,436300.0,557103.0,35670.0,39871.0,41645.0,42231.0,42711.0,42095,47970.0,54754.0,55601.0,54221.0,53638.0,53133
94,Avenue H,Q,823237.0,875106.0,896279.0,899662.0,952855.0,1006747.0,1487.0,1580.0,1725.0,1384.0,1455.0,1821,1326.0,1474.0,1752.0,1267.0,1179.0,1728
95,Avenue I,F,684241.0,699582.0,696140.0,672710.0,585217.0,326469.0,2714.0,2861.0,2961.0,2994.0,3183.0,3329,2632.0,2669.0,2584.0,2506.0,2590.0,2948
96,Avenue J,Q,1807574.0,1867576.0,1850087.0,1848674.0,1867727.0,1912497.0,2284.0,2283.0,2250.0,2235.0,1962.0,1111,2046.0,2146.0,2236.0,1874.0,1529.0,783
97,Avenue M,Q,1608901.0,1730576.0,1731955.0,1733583.0,1776762.0,1828941.0,5974.0,6036.0,6060.0,6009.0,6136.0,6154,5679.0,5994.0,5528.0,5782.0,5524.0,6327
98,Avenue N,F,1012534.0,1044429.0,1050916.0,1027713.0,941921.0,643200.0,5544.0,5836.0,5903.0,5869.0,6052.0,6094,4030.0,4429.0,4111.0,4345.0,4246.0,5091
99,Avenue P,F,825620.0,861095.0,864424.0,858733.0,809816.0,534727.0,3390.0,3411.0,3419.0,3410.0,3187.0,2217,2983.0,3202.0,3282.0,2888.0,2320.0,1417
100,Avenue U,F,707595.0,717486.0,699414.0,716715.0,772331.0,373322.0,2705.0,2757.0,2767.0,2804.0,2688.0,1821,2703.0,2899.0,2909.0,2628.0,2244.0,1290
101,Avenue U,N,1297870.0,1211062.0,1251276.0,1253349.0,456533.0,734714.0,2302.0,2296.0,2215.0,2439.0,2578.0,1276,2408.0,2429.0,2483.0,1715.0,2080.0,875
102,Avenue U,Q,2071874.0,2176073.0,2175035.0,2231577.0,2332985.0,2360833.0,3980.0,3738.0,3857.0,3894.0,1399.0,2285,5533.0,4745.0,4915.0,4767.0,1795.0,2803
103,Avenue X,F,860597.0,908520.0,892170.0,589962.0,727220.0,738274.0,6694.0,6821.0,6922.0,6975.0,7384.0,7391,7233.0,8015.0,7500.0,8322.0,8188.0,8804
104,Bay 50 St,D,777836.0,847843.0,884302.0,872953.0,972937.0,900508.0,2877.0,2972.0,2859.0,1928.0,2424.0,2508,2589.0,2783.0,2999.0,1817.0,1988.0,1822
105,Bay Pkwy,D,2038864.0,2298420.0,2362284.0,2368617.0,2578524.0,2502105.0,2632.0,2793.0,2875.0,2872.0,3176.0,2926,2168.0,2492.0,2784.0,2575.0,2960.0,2854
106,Bay Pkwy,F,464906.0,487308.0,478322.0,460536.0,406793.0,214153.0,6726.0,7111.0,7322.0,7501.0,8069.0,7837,6444.0,8927.0,9097.0,8350.0,9471.0,9306
107,Bay Pkwy,N,2221968.0,2243082.0,2342792.0,2298369.0,3435240.0,2950253.0,1526.0,1575.0,1516.0,1491.0,1329.0,729,1518.0,1578.0,1690.0,1476.0,1232.0,522
108,Bay Ridge Av,R,2522369.0,2525470.0,2597559.0,2623309.0,2622438.0,1282256.0,6892.0,6990.0,7301.0,7164.0,10955.0,9328,9107.0,8457.0,8808.0,8609.0,11631.0,10537
109,Bay Ridge-95 St,R,1809829.0,1830193.0,1858200.0,1865038.0,1853049.0,1755379.0,8206.0,8079.0,8283.0,8379.0,8415.0,4173,8618.0,8590.0,8967.0,9001.0,8719.0,4005
110,Bedford Av,L,8342397.0,9214395.0,9892516.0,9388289.0,9688560.0,9644831.0,5996.0,5974.0,6051.0,6101.0,6090.0,5969,5700.0,5692.0,5837.0,5730.0,5510.0,4361
111,Bedford-Nostrand Avs,G,2138852.0,2348998.0,2513681.0,2634066.0,2697942.0,2779124.0,23825.0,25755.0,27224.0,27132.0,27486.0,27783,43891.0,49553.0,54863.0,45740.0,49479.0,48007
112,Bergen St,2 3,1397036.0,1296199.0,1236513.0,1210571.0,1231084.0,1180684.0,6755.0,7300.0,7778.0,8197.0,8487.0,8741,8239.0,9008.0,9798.0,10057.0,9815.0,10274
113,Bergen St,F G,3529174.0,3650848.0,3711317.0,3708300.0,3599389.0,3525144.0,4472.0,4070.0,3923.0,3823.0,3884.0,3853,5126.0,4825.0,4381.0,4384.0,4433.0,3729
114,Beverley Rd,Q,950243.0,737652.0,838970.0,899663.0,953903.0,1038252.0,11370.0,11562.0,11570.0,11548.0,11529.0,11306,12573.0,13031.0,14118.0,14243.0,12161.0,12047
115,Beverly Rd,2 5,1274789.0,1364573.0,1360719.0,1392643.0,1379958.0,1348244.0,3096.0,2340.0,2690.0,2894.0,3059.0,3267,3198.0,2561.0,2787.0,2967.0,3183.0,3811
116,Brighton Beach,B Q,3781554.0,3810743.0,3872092.0,4014831.0,4044514.0,3957811.0,4199.0,4375.0,4447.0,4457.0,4464.0,4384,4061.0,4569.0,4176.0,4699.0,4376.0,4268
117,Broadway,G,1023397.0,1071877.0,1124407.0,1313362.0,1397227.0,1385797.0,12376.0,12185.0,12498.0,12794.0,13035.0,12587,12461.0,12912.0,12524.0,13763.0,13137.0,13830
118,Broadway Junction,A C J L Z,2862830.0,2948156.0,3018656.0,3133658.0,3085401.0,2911532.0,3272.0,3368.0,3500.0,4011.0,4340.0,4452,3737.0,3905.0,4261.0,5368.0,5292.0,4592
119,Bushwick Av-Aberdeen St,L,427032.0,490042.0,563577.0,598393.0,672880.0,682086.0,8790.0,8863.0,9149.0,9251.0,9189.0,8681,12206.0,12707.0,12553.0,14361.0,13638.0,12960
120,Canarsie-Rockaway Pkwy,L,3920243.0,4062690.0,4175970.0,4024313.0,3897784.0,3828628.0,1371.0,1509.0,1683.0,1874.0,2105.0,2112,1533.0,1945.0,2477.0,2198.0,2470.0,2683
121,Carroll St,F G,3961111.0,3782675.0,3616947.0,3672702.0,3563150.0,3537661.0,13039.0,13254.0,13512.0,13481.0,13131.0,12661,12063.0,12617.0,13478.0,10709.0,9961.0,11231
122,Central Av,M,992142.0,505757.0,970531.0,1141731.0,1158274.0,539681.0,13193.0,12339.0,11744.0,11923.0,11848.0,11723,12155.0,11838.0,11587.0,11821.0,10034.0,10389
123,Chauncey St,J Z,964735.0,938803.0,959091.0,1045698.0,1092483.0,1095638.0,3445.0,1744.0,3282.0,3715.0,3884.0,1929,2387.0,1082.0,2472.0,3596.0,3080.0,845
124,Church Av,2 5,2987887.0,3059215.0,3020066.0,3070551.0,3027658.0,2916680.0,3037.0,2967.0,3050.0,3200.0,3360.0,3408,3751.0,3323.0,3345.0,4231.0,4309.0,4194
125,Church Av,B Q,4982615.0,5603898.0,5482093.0,5707573.0,5438775.0,5455527.0,9851.0,9794.0,9852.0,9864.0,9808.0,9512,9543.0,10381.0,9375.0,10219.0,9569.0,9141
126,Church Av,F G,3081142.0,3193844.0,3201585.0,3353795.0,3315387.0,3148411.0,16042.0,17638.0,17473.0,17811.0,17482.0,17186,17733.0,20399.0,18797.0,21472.0,18017.0,19961
127,Clark St,2 3,1855650.0,1972314.0,2018876.0,1997148.0,2000024.0,1631139.0,9985.0,9984.0,9954.0,10490.0,10151.0,9697,10593.0,11927.0,12224.0,12511.0,13332.0,12592
128,Classon Av,G,1355886.0,1432872.0,1477256.0,1604508.0,1581663.0,1585121.0,5760.0,5971.0,6083.0,5922.0,5903.0,5635,7615.0,8326.0,8599.0,9018.0,9083.0,3708
129,Cleveland St,J,1029708.0,1050261.0,1107397.0,1120403.0,1104683.0,1011734.0,4288.0,4490.0,4601.0,4966.0,4996.0,5106,5178.0,5308.0,5606.0,6265.0,5645.0,5290
130,Clinton-Washington Avs,C,1891559.0,2104035.0,2077312.0,2060200.0,2152345.0,2201880.0,3271.0,3328.0,3467.0,3514.0,3483.0,3270,3856.0,3699.0,4104.0,4119.0,3945.0,3296
131,Clinton-Washington Avs,G,1637463.0,1678004.0,1652336.0,1716023.0,1656058.0,1551042.0,6033.0,6642.0,6719.0,6603.0,6932.0,7130,7056.0,7642.0,6753.0,7011.0,7119.0,7224
132,Coney Island-Stillwell Av,D F N Q,4733106.0,4690794.0,4980140.0,5132083.0,5025598.0,4803755.0,5183.0,5294.0,5178.0,5364.0,5312.0,5083,6301.0,6097.0,6170.0,6501.0,5585.0,4806
133,Cortelyou Rd,Q,1992781.0,1700177.0,1806758.0,1961144.0,1978254.0,2028859.0,13474.0,13177.0,13734.0,14073.0,14098.0,13542,23981.0,23726.0,26733.0,27415.0,25961.0,24556
134,Court St /Borough Hall,R 2 3 4 5,10988473.0,11291705.0,11474717.0,11360058.0,11080334.0,10693598.0,6379.0,5318.0,5727.0,6220.0,6332.0,6348,7241.0,6294.0,6328.0,6892.0,6666.0,7610
135,Crescent St,J Z,1504645.0,1509290.0,1583134.0,1626727.0,1617730.0,1570485.0,38088.0,38428.0,38944.0,38559.0,38089.0,36762,27299.0,28081.0,28947.0,28593.0,25365.0,25259
136,Crown Heights-Utica Av,3 4,8469613.0,8534705.0,8690082.0,8965908.0,9051970.0,8954499.0,4635.0,4683.0,4925.0,5073.0,5053.0,4842,6335.0,5804.0,6020.0,6122.0,5999.0,6243
137,Cypress Hills,J,411495.0,432557.0,450480.0,452936.0,462143.0,435855.0,27549.0,27780.0,28287.0,28146.0,29069.0,28980,28918.0,26704.0,27343.0,33065.0,29939.0,29038
138,DeKalb Av,B Q R,5222096.0,5223608.0,5288037.0,5373388.0,5640329.0,6551184.0,1391.0,1431.0,1444.0,1456.0,1501.0,1501,1148.0,1236.0,1517.0,1503.0,1447.0,973
139,DeKalb Av,L,3495896.0,3712102.0,3924836.0,3938538.0,4017076.0,4171610.0,17791.0,17318.0,17350.0,17889.0,18774.0,21230,14327.0,15046.0,16016.0,15096.0,15729.0,21434
140,Ditmas Av,F,1404811.0,1455737.0,1437835.0,1033946.0,1055185.0,1137998.0,11004.0,11617.0,11943.0,12158.0,12307.0,13050,13534.0,13823.0,16197.0,15430.0,16098.0,15805
141,East 105 St,L,1110433.0,1161688.0,1197125.0,1187844.0,1201578.0,1201452.0,4669.0,4676.0,4622.0,3386.0,3524.0,3849,4260.0,4813.0,4728.0,3113.0,2789.0,2851
142,Eastern Pkwy-Brooklyn Museum,2 3,1578613.0,1674856.0,1665524.0,1676659.0,1585048.0,1530635.0,3727.0,3818.0,3911.0,4002.0,4070.0,3999,3256.0,3466.0,3679.0,3041.0,2961.0,3393
143,Euclid Av,A C,3115445.0,3323235.0,3315007.0,3509500.0,3458027.0,3415739.0,4795.0,4938.0,4889.0,4915.0,4719.0,4592,7038.0,7794.0,7835.0,7943.0,7107.0,6810
144,Flatbush Av-Brooklyn College,2 5,6384496.0,6562226.0,6447908.0,6487608.0,6321530.0,6107780.0,10169.0,10418.0,10652.0,11014.0,10870.0,10751,10455.0,12329.0,11016.0,12954.0,12563.0,12594
145,Flushing Av,G,655317.0,728668.0,808421.0,866803.0,877269.0,849840.0,21942.0,21941.0,21865.0,21666.0,21268.0,20691,16452.0,17982.0,16274.0,17805.0,16443.0,15653
146,Flushing Av,J M,2776360.0,2869903.0,2847691.0,2991074.0,2894033.0,2764583.0,2157.0,2373.0,2627.0,2819.0,2857.0,2866,2091.0,2256.0,2529.0,2716.0,2700.0,2182
147,Fort Hamilton Pkwy,D,1025285.0,1240644.0,1317172.0,1297755.0,1349733.0,1273516.0,8963.0,9165.0,9258.0,9483.0,9347.0,8952,9803.0,9788.0,9012.0,10573.0,9328.0,8914
148,Fort Hamilton Pkwy,F G,1538039.0,1688093.0,1729381.0,1792239.0,1845401.0,1786458.0,3403.0,3984.0,4248.0,4260.0,4420.0,4162,3145.0,4101.0,4258.0,3832.0,4002.0,3884
149,Fort Hamilton Pkwy,N,2105486.0,2200487.0,2278120.0,2164028.0,554051.0,988664.0,5092.0,5531.0,5650.0,5783.0,6044.0,5893,4843.0,5153.0,5345.0,5908.0,5608.0,5347
150,Franklin Av /Botanic Garden,2 3 4 5 S,4934593.0,5125782.0,5377967.0,5100038.0,5010984.0,4762184.0,6786.0,7034.0,7244.0,6964.0,1771.0,3196,7419.0,7454.0,7885.0,7072.0,1809.0,3201
151,Franklin Av,C S,1982691.0,2049246.0,2125076.0,2137752.0,2056281.0,2058258.0,15352.0,15775.0,15787.0,15866.0,15834.0,15269,19949.0,20269.0,24479.0,19326.0,17730.0,16077
152,Fulton St,G,1280063.0,1394890.0,1485669.0,1643353.0,1639930.0,1698778.0,6111.0,6227.0,6492.0,6468.0,6289.0,6333,8279.0,8478.0,8633.0,8996.0,8274.0,8229
153,Gates Av,J Z,1901060.0,1895878.0,1984486.0,2100864.0,2117787.0,2262915.0,3956.0,4266.0,4502.0,4954.0,5096.0,5364,5363.0,5702.0,6274.0,7089.0,6288.0,6198
154,Graham Av,L,3086342.0,3179579.0,3402514.0,3293413.0,3324292.0,3299951.0,5964.0,5999.0,6277.0,6521.0,6602.0,7110,7464.0,6685.0,7100.0,8053.0,7937.0,8358
155,Grand Army Plaza,2 3,2507555.0,2556750.0,2505721.0,2433907.0,2425948.0,2265097.0,9889.0,10136.0,10643.0,10504.0,10483.0,10536,11215.0,11089.0,12774.0,11396.0,11996.0,11572
156,Grand St,L,2145374.0,2260023.0,2414872.0,2242757.0,2174128.0,2256349.0,8068.0,8066.0,7971.0,7731.0,7735.0,7452,8908.0,9159.0,8638.0,8420.0,8216.0,6746
157,Grant Av,A,1952581.0,1958503.0,2041848.0,2084651.0,2170567.0,1950109.0,7171.0,7444.0,7824.0,7307.0,6977.0,7317,6449.0,6672.0,7787.0,7030.0,7256.0,7369
158,Greenpoint Av,G,2521422.0,2543568.0,2428027.0,2902723.0,2951454.0,2934770.0,6290.0,6270.0,6475.0,6696.0,7044.0,6318,6929.0,6593.0,7169.0,6901.0,6795.0,6290
159,Halsey St,J,1800505.0,1845755.0,1968526.0,2083683.0,2101350.0,2131177.0,8212.0,8461.0,7819.0,9191.0,9413.0,9648,8545.0,7076.0,8050.0,10364.0,10109.0,8807
160,Halsey St,L,2136529.0,2317512.0,2492974.0,2465693.0,2629576.0,2776078.0,5650.0,5805.0,6174.0,6410.0,6490.0,6616,7075.0,6683.0,7284.0,8262.0,8150.0,8226
161,Hewes St,J M,895661.0,927212.0,903641.0,981379.0,913179.0,894671.0,6904.0,7308.0,7720.0,7932.0,8426.0,8781,7458.0,8382.0,9661.0,8087.0,8731.0,10054
162,High St,A C,2209212.0,2441136.0,2687244.0,2656705.0,2536059.0,2983672.0,2811.0,2859.0,2859.0,2992.0,2866.0,2861,3528.0,3627.0,3222.0,4042.0,3291.0,3048
163,Hoyt St,2 3,1978582.0,2033085.0,2181465.0,2249892.0,2356001.0,2137478.0,7050.0,7543.0,8174.0,8479.0,8701.0,9215,8106.0,9518.0,11042.0,8840.0,5437.0,11529
164,Hoyt-Schermerhorn Sts,A C G,2990881.0,2971379.0,2961316.0,3038302.0,3082398.0,3264293.0,6710.0,6657.0,7138.0,7342.0,7615.0,7637,5562.0,6272.0,6708.0,7043.0,7619.0,3666
165,Jay St-MetroTech,A C F R,11492780.0,11793956.0,12197352.0,12765132.0,13091255.0,13007176.0,9928.0,9604.0,9672.0,9818.0,9894.0,10319,9428.0,9754.0,9182.0,9961.0,10339.0,11877
166,Jefferson St,L,1906878.0,2136772.0,2425983.0,2514292.0,2563505.0,2566772.0,39561.0,40183.0,41405.0,43456.0,44267.0,43833,29899.0,29107.0,30650.0,31485.0,33452.0,34871
167,Junius St,3,660013.0,690625.0,727369.0,928235.0,681935.0,298119.0,5951.0,6612.0,7230.0,7565.0,7639.0,7807,7613.0,8282.0,10724.0,10807.0,11286.0,10753
168,Kings Hwy,B Q,5453084.0,5697467.0,5693562.0,5905481.0,6014920.0,6040256.0,2204.0,2206.0,2361.0,3043.0,2230.0,970,1948.0,2337.0,2293.0,2747.0,2053.0,934
169,Kings Hwy,F,1117098.0,1134042.0,1137784.0,1202640.0,1398753.0,1531332.0,18422.0,18799.0,19010.0,19500.0,20094.0,19975,15484.0,16687.0,15539.0,17206.0,16302.0,17673
170,Kings Hwy,N,1616827.0,1630749.0,1687226.0,1710115.0,475763.0,910558.0,3681.0,3655.0,3616.0,3726.0,4637.0,5186,3563.0,3706.0,3967.0,4694.0,3903.0,3844
171,Kingston Av,3,1515277.0,1545567.0,1564089.0,1573003.0,1560437.0,1474988.0,5104.0,5154.0,5344.0,5482.0,1489.0,2891,6212.0,5818.0,5945.0,5696.0,1712.0,3205
172,Kingston-Throop Avs,C,1703474.0,1834623.0,1887628.0,1992480.0,2031710.0,2085536.0,4929.0,4949.0,5017.0,4999.0,4977.0,4703,5052.0,5126.0,5189.0,5430.0,5219.0,5057
173,Knickerbocker Av,M,702426.0,1018286.0,1147331.0,1288025.0,1288438.0,593366.0,5331.0,5678.0,5968.0,6210.0,6350.0,6564,6750.0,7120.0,6701.0,7536.0,7544.0,7644
174,Kosciuszko St,J,1482044.0,1515244.0,1521002.0,1593719.0,1661644.0,1979192.0,2350.0,3429.0,3806.0,4104.0,4228.0,2077,2115.0,2598.0,3274.0,4468.0,3846.0,1121
175,Lafayette Av,C,1582360.0,1638947.0,1617464.0,1631737.0,1639947.0,1621121.0,4592.0,4751.0,4761.0,4927.0,5118.0,6143,6072.0,5546.0,5663.0,6200.0,6517.0,7671
176,Liberty Av,C,796044.0,810031.0,807678.0,858554.0,920826.0,886011.0,4774.0,4825.0,4857.0,4849.0,4888.0,4843,7164.0,7577.0,7002.0,7329.0,7245.0,7201
177,Livonia Av,L,902860.0,934287.0,987560.0,1001522.0,1045593.0,1019591.0,2632.0,2658.0,2639.0,2780.0,3020.0,2933,2536.0,2449.0,2488.0,2773.0,2765.0,2588
178,Lorimer St,J M,1494085.0,1523986.0,1500980.0,1614154.0,1595826.0,1619602.0,2908.0,2959.0,3078.0,3269.0,3418.0,3264,3198.0,3288.0,3715.0,3039.0,3126.0,3461
179,Lorimer St /Metropolitan Av,L G,4643512.0,5040719.0,5090344.0,5238736.0,5156893.0,5010601.0,4779.0,4796.0,4836.0,5070.0,5138.0,5161,5463.0,5503.0,4933.0,5920.0,5194.0,5583
180,Marcy Av,J M Z,3564065.0,3681903.0,3953628.0,4204877.0,4272443.0,4199041.0,13344.0,14004.0,14573.0,15131.0,15082.0,14752,24022.0,27339.0,25444.0,25640.0,24167.0,23285
181,Montrose Av,L,2075901.0,2178772.0,2335128.0,2334271.0,2338095.0,2306046.0,11591.0,11775.0,12547.0,13276.0,13815.0,13377,12181.0,12353.0,13774.0,15165.0,13808.0,14486
182,Morgan Av,L,2262826.0,2373595.0,2513823.0,2453723.0,2614617.0,2594607.0,6452.0,6731.0,6961.0,7025.0,7007.0,7021,8430.0,8525.0,10343.0,10039.0,10119.0,9644
183,Myrtle Av,J M Z,3257338.0,3562631.0,3523740.0,3687468.0,3764562.0,4213096.0,6821.0,7126.0,7298.0,7221.0,7592.0,7769,10151.0,10289.0,12074.0,11294.0,12480.0,11465
184,Myrtle-Willoughby Avs,G,1440313.0,1578243.0,1722392.0,1875988.0,1887369.0,1765653.0,10098.0,10876.0,11048.0,11424.0,11801.0,13222,13372.0,14546.0,13088.0,14285.0,13814.0,15648
185,Myrtle-Wyckoff Avs,L M,5662633.0,5982615.0,6381800.0,6464630.0,6531453.0,7302376.0,4581.0,4916.0,5330.0,5783.0,5889.0,5743,5353.0,5968.0,6669.0,7382.0,7043.0,5547
186,Nassau Av,G,2479649.0,2653526.0,2760220.0,2916005.0,2851899.0,2765172.0,17537.0,18167.0,19203.0,19490.0,19673.0,22434,23285.0,24951.0,27345.0,27639.0,27784.0,29498
187,Neck Rd,Q,1148708.0,1218313.0,1232947.0,1305776.0,1336596.0,1379473.0,8096.0,8435.0,8765.0,9066.0,9150.0,9105,8344.0,9304.0,9747.0,11249.0,9560.0,8243
188,Neptune Av,F,505076.0,523554.0,512828.0,531011.0,513566.0,478754.0,3834.0,3941.0,4033.0,4207.0,4354.0,4441,3460.0,3922.0,3758.0,4290.0,4119.0,4594
189,Nevins St,2 3 4 5,3454621.0,3477861.0,3580156.0,3310625.0,3220745.0,3271270.0,1705.0,1749.0,1698.0,1807.0,1742.0,1658,1440.0,1434.0,1485.0,1282.0,1254.0,1039
190,New Lots Av,3,1857630.0,1975478.0,2038532.0,2155220.0,2065205.0,1810576.0,11653.0,11468.0,11752.0,10896.0,10716.0,10699,10022.0,10342.0,10877.0,9902.0,8999.0,10231
191,New Lots Av,L,1379065.0,1499902.0,1583983.0,1595607.0,1645273.0,1638839.0,6214.0,6349.0,6626.0,7133.0,6855.0,6087,5436.0,6510.0,6407.0,6055.0,5686.0,4803
192,New Utrecht Av /62 St,N D,1931306.0,1654945.0,1716638.0,1857740.0,1784812.0,1651274.0,4475.0,4785.0,5005.0,5244.0,5431.0,5290,4744.0,5145.0,5651.0,4697.0,4706.0,5387
193,Newkirk Av,2 5,2279365.0,2393978.0,2431300.0,2476287.0,2395551.0,2315386.0,5883.0,5159.0,5270.0,5551.0,5602.0,5217,8504.0,6243.0,6881.0,8226.0,6504.0,5972
194,Newkirk Plaza,B Q,3021079.0,3380559.0,3302958.0,3432907.0,3315748.0,3356199.0,7604.0,7757.0,8015.0,8035.0,7840.0,7600,6854.0,7661.0,7145.0,7853.0,7192.0,7008
195,Norwood Av,J Z,1097011.0,1095573.0,1145643.0,1159274.0,1146658.0,1065073.0,9890.0,10788.0,10707.0,10864.0,10842.0,10728,10004.0,11613.0,10490.0,12210.0,10122.0,11558
196,Nostrand Av,3,1313227.0,1327377.0,1358826.0,1386067.0,1358853.0,1295175.0,3518.0,3492.0,3603.0,3639.0,3613.0,3437,3957.0,3754.0,4167.0,4249.0,4099.0,3482
197,Nostrand Av,A C,5283444.0,5510841.0,5439806.0,5762163.0,5861658.0,5823419.0,4113.0,4151.0,4268.0,4306.0,4239.0,4066,5192.0,4942.0,4925.0,5241.0,5032.0,4770
198,Ocean Pkwy,Q,983972.0,990091.0,969271.0,1022215.0,1016458.0,1022378.0,16439.0,16843.0,17062.0,17790.0,18231.0,18035,21437.0,22420.0,19979.0,22586.0,22197.0,22803
199,Park Pl,S,682438.0,646934.0,608731.0,602858.0,576122.0,575188.0,3155.0,3141.0,3124.0,3203.0,3211.0,3251,3542.0,3465.0,3167.0,3751.0,3597.0,3548
200,Parkside Av,Q,1812362.0,1381093.0,1617878.0,1692567.0,1783716.0,1953704.0,2201.0,2077.0,1968.0,1922.0,1850.0,1818,2397.0,2148.0,1958.0,2072.0,1903.0,2068
201,Pennsylvania Av,3,1690851.0,1752108.0,1746438.0,2111790.0,753493.0,1054654.0,5729.0,4240.0,4969.0,5266.0,5524.0,5898,6891.0,5426.0,6381.0,6387.0,6844.0,8295
202,President St,2 5,1142008.0,1216019.0,1221048.0,1243976.0,1226582.0,1227134.0,5696.0,5675.0,5718.0,6997.0,2485.0,3503,4783.0,5577.0,5303.0,5902.0,2206.0,3027
203,Prospect Av,R,1864725.0,1826064.0,1827271.0,1785990.0,1758711.0,961733.0,3815.0,3969.0,4092.0,4120.0,4114.0,4113,3395.0,3745.0,3255.0,3520.0,3204.0,3296
204,Prospect Park,B Q S,2892200.0,3190679.0,3312727.0,3327301.0,3272810.0,3421790.0,6147.0,5934.0,5943.0,5896.0,5842.0,3199,6018.0,5806.0,5792.0,5240.0,4944.0,2690
205,Ralph Av,C,1625548.0,1719602.0,1787157.0,1867793.0,1863036.0,1894817.0,9024.0,9761.0,9715.0,10033.0,9995.0,10234,11561.0,12864.0,15404.0,14105.0,13301.0,15104
206,Rockaway Av,3,1682755.0,1753354.0,1763824.0,526505.0,1534978.0,1685468.0,5175.0,5381.0,5570.0,5796.0,5801.0,5936,6042.0,6391.0,6719.0,7162.0,6984.0,7063
207,Rockaway Av,C,1574733.0,1615457.0,1641268.0,1721297.0,1786802.0,1794365.0,5636.0,5632.0,5735.0,1690.0,5122.0,5642,4906.0,5802.0,5536.0,1777.0,4078.0,4590
208,Saratoga Av,3,1676421.0,1777399.0,1791700.0,2442282.0,1208956.0,1702107.0,5089.0,5137.0,5223.0,5443.0,5678.0,5715,5512.0,5616.0,5680.0,6136.0,6188.0,6268
209,Sheepshead Bay,B Q,4148629.0,4205275.0,4201776.0,4296566.0,4322837.0,4297325.0,5697.0,5807.0,5933.0,8148.0,4006.0,5777,4525.0,5451.0,5137.0,6568.0,3373.0,4288
210,Shepherd Av,C,945113.0,988620.0,1027404.0,1059106.0,1059144.0,1038180.0,14083.0,14010.0,14118.0,14304.0,14477.0,14311,11495.0,11712.0,11092.0,11984.0,11562.0,12146
211,Smith-9 Sts,F G,0.0,926087.0,1539209.0,1636221.0,1533167.0,1484326.0,3034.0,3149.0,3263.0,3370.0,3393.0,3337,3405.0,3408.0,3586.0,3669.0,3529.0,3486
212,Sterling St,2 5,1803628.0,1866122.0,1785975.0,1822524.0,1805238.0,1787994.0,0.0,2854.0,4762.0,5084.0,4861.0,4714,0.0,3664.0,6001.0,6299.0,5391.0,5289
213,Sutter Av,L,1383957.0,1449524.0,1499122.0,1453567.0,1435112.0,1394283.0,5899.0,5915.0,5783.0,5802.0,5806.0,5795,5932.0,6567.0,5705.0,6267.0,5869.0,5750
214,Sutter Av-Rutland Rd,3,2288256.0,2419794.0,2467381.0,2420464.0,2035027.0,1049559.0,4437.0,4555.0,4675.0,4727.0,4688.0,4471,4989.0,5279.0,5625.0,4488.0,4318.0,4701
215,Union St,R,2148505.0,2058555.0,2065047.0,2073096.0,2024863.0,1935724.0,7713.0,7831.0,8084.0,8031.0,6785.0,3449,6469.0,7764.0,7490.0,6748.0,5547.0,3157
216,Utica Av,A C,4530536.0,4726582.0,4878678.0,5060099.0,5152649.0,5271782.0,6935.0,6528.0,6415.0,6599.0,6512.0,6395,7627.0,7321.0,7992.0,7252.0,6713.0,5744
217,Van Siclen Av,3,1016466.0,1060055.0,1048755.0,304082.0,1250237.0,1078048.0,14327.0,14673.0,15117.0,15674.0,16060.0,16408,17320.0,18127.0,18822.0,19583.0,19318.0,20225
218,Van Siclen Av,C,897528.0,941172.0,967947.0,1019100.0,1017779.0,1026358.0,3431.0,3431.0,3438.0,989.0,4194.0,3660,2834.0,3388.0,3159.0,967.0,3205.0,2681
219,Van Siclen Av,J Z,893665.0,913115.0,943663.0,966461.0,983370.0,910042.0,2864.0,2974.0,3050.0,3202.0,3224.0,3259,3307.0,3351.0,3488.0,3718.0,3563.0,3618
220,West 8 St-New York Aquarium,F Q,767921.0,702810.0,741345.0,789416.0,795636.0,789104.0,2829.0,2883.0,2940.0,3004.0,3067.0,2900,3393.0,3265.0,3562.0,3681.0,3663.0,3145
221,Wilson Av,L,1115994.0,1243700.0,1393045.0,1407098.0,1219239.0,1471094.0,2285.0,2069.0,2262.0,2397.0,2421.0,2404,3427.0,3077.0,2967.0,3138.0,3175.0,3146
222,Winthrop St,2 5,2171267.0,2275444.0,2263671.0,2241716.0,2146809.0,2148162.0,3566.0,3865.0,4248.0,4437.0,3812.0,4564,4064.0,4745.0,5689.0,5011.0,4496.0,5735
223,York St,F,2344141.0,2666502.0,2760385.0,2900416.0,3286640.0,3172717.0,7524.0,7639.0,7720.0,7541.0,7272.0,7317,5287.0,6064.0,5481.0,5868.0,5327.0,5306
224,1 Av,L,7296576.0,7735905.0,8111070.0,7702110.0,7660896.0,7071729.0,7798.0,8629.0,8973.0,9328.0,10246.0,10373,7260.0,8672.0,8783.0,9691.0,12521.0,9945
225,103 St,1,4366343.0,4427199.0,4199559.0,4258632.0,4290142.0,4114291.0,22436.0,23467.0,24286.0,23789.0,23195.0,21823,30928.0,32724.0,35580.0,30185.0,32170.0,28252
226,103 St,6,4861001.0,5038138.0,5198601.0,4031201.0,4336922.0,4402069.0,13557.0,13500.0,13318.0,13309.0,13246.0,12818,17810.0,18130.0,14644.0,15829.0,16603.0,15650
227,103 St,B C,1472319.0,1528633.0,1555514.0,1521132.0,1481660.0,1470838.0,15721.0,16189.0,16641.0,13057.0,13994.0,14337,16997.0,16793.0,17608.0,13014.0,13963.0,13920
228,110 St,6,3740549.0,3841826.0,3955522.0,4209449.0,4196711.0,3734660.0,4659.0,4760.0,4832.0,4800.0,4776.0,4674,5599.0,5799.0,5947.0,5458.0,4817.0,5191
229,116 St,2 3,3584234.0,3715803.0,3845140.0,3948545.0,3874037.0,3729434.0,11908.0,12162.0,12452.0,13409.0,13341.0,11932,13944.0,13682.0,14381.0,14497.0,14600.0,12893
230,116 St,6,5264035.0,5347692.0,5370343.0,5324072.0,5336694.0,5066069.0,11100.0,11508.0,11787.0,12196.0,12090.0,11553,14810.0,14410.0,15500.0,15487.0,14435.0,14583
231,116 St,B C,2000033.0,2122084.0,2234662.0,2246138.0,2276196.0,2253473.0,16514.0,16675.0,16674.0,16702.0,16707.0,15899,20749.0,20263.0,20611.0,19593.0,19733.0,18846
232,116 St-Columbia University,1,4942022.0,5044561.0,4917691.0,4846181.0,4797152.0,4586341.0,6328.0,6594.0,7005.0,7215.0,7417.0,7232,7647.0,8172.0,8287.0,7514.0,7077.0,7673
233,125 St,1,2560513.0,2649847.0,2578729.0,2555321.0,2524125.0,2438960.0,16283.0,16363.0,16460.0,16132.0,15861.0,15263,16047.0,16166.0,13256.0,13547.0,13853.0,13115
234,125 St,2 3,4635697.0,4917465.0,5103216.0,5121518.0,4989981.0,5054479.0,7857.0,7995.0,8077.0,7991.0,7794.0,7584,10889.0,11257.0,9469.0,9482.0,9797.0,9379
235,125 St,4 5 6,8965496.0,9290210.0,9574765.0,9586567.0,9431163.0,9088393.0,14471.0,15351.0,15744.0,15986.0,15719.0,15692,18686.0,18547.0,20142.0,19311.0,17940.0,19660
236,125 St,A B C D,8427453.0,8932680.0,9342667.0,9558837.0,9603878.0,9335382.0,28913.0,29425.0,30168.0,30277.0,30024.0,29065,31873.0,33091.0,34840.0,34541.0,32501.0,31307
237,135 St,2 3,4477110.0,4672352.0,4932623.0,4949583.0,4867017.0,4768474.0,26276.0,27395.0,28428.0,29062.0,29423.0,28680,34011.0,35998.0,38766.0,39729.0,38587.0,37694
238,135 St,B C,1633467.0,1722204.0,1731602.0,1693561.0,1731460.0,1743984.0,14120.0,14690.0,15335.0,15598.0,15446.0,15023,17351.0,17070.0,18837.0,17916.0,16887.0,17462
239,137 St-City College,1,4634498.0,4825267.0,4542044.0,4646578.0,4564432.0,4440108.0,5409.0,5592.0,5620.0,5575.0,5785.0,5770,5165.0,5516.0,5529.0,5036.0,4743.0,5127
240,14 St /8 Av,A C E L,13044037.0,13903211.0,14340856.0,14763727.0,14572075.0,14153266.0,14854.0,14947.0,14768.0,14798.0,14460.0,14049,16874.0,18805.0,14213.0,16107.0,16055.0,15844
241,14 St /6 Av,F M 1 2 3 L,15487097.0,15844699.0,16215866.0,16121318.0,16118952.0,15187056.0,40990.0,42718.0,43953.0,45253.0,44680.0,43434,51356.0,55956.0,58298.0,59900.0,58605.0,57625
242,14 St-Union Sq,L N Q R W 4 5 6,34639575.0,35309414.0,35677468.0,35320623.0,34289822.0,34557551.0,49237.0,49316.0,49990.0,50335.0,50692.0,48565,58546.0,60933.0,64712.0,61431.0,59127.0,52840
243,145 St,1,3289827.0,3274106.0,3364151.0,3338110.0,3328994.0,3208921.0,108000.0,108158.0,109472.0,108440.0,106718.0,107141,140855.0,144163.0,144539.0,143123.0,130777.0,135996
244,145 St,3,1014623.0,1073259.0,1114674.0,1137484.0,1086105.0,1093045.0,9952.0,9931.0,10099.0,10112.0,10039.0,9863,14616.0,13589.0,14487.0,13951.0,14015.0,12936
245,145 St,A B C D,7048936.0,7432177.0,7778992.0,7923696.0,7949593.0,7714122.0,3273.0,3426.0,3631.0,3664.0,3590.0,3540,3594.0,3685.0,3495.0,3738.0,3133.0,3561
246,155 St,B D,1257551.0,1281168.0,1299098.0,1306282.0,1308981.0,1212240.0,22125.0,22879.0,23805.0,24307.0,24604.0,23932,27736.0,29522.0,31573.0,31882.0,30729.0,29988
247,155 St,C,798881.0,822333.0,852716.0,842826.0,881431.0,887427.0,3947.0,3948.0,4022.0,4038.0,4052.0,3804,4906.0,5014.0,4998.0,5059.0,4996.0,4448
248,157 St,1,3381015.0,3458058.0,3481873.0,3516545.0,3542519.0,3488053.0,2490.0,2529.0,2586.0,2596.0,2733.0,2715,3212.0,3277.0,3563.0,3326.0,3368.0,3609
249,163 St-Amsterdam Av,C,1230018.0,1317493.0,1390615.0,1395260.0,1450668.0,1437340.0,10331.0,10677.0,10822.0,10918.0,10928.0,10802,14552.0,13471.0,13190.0,13403.0,13735.0,13683
250,168 St,A C 1,7503282.0,7884456.0,8090476.0,8009233.0,8217661.0,7945871.0,3849.0,4080.0,4271.0,4340.0,4513.0,4436,4881.0,5100.0,5553.0,5302.0,5471.0,5669
251,175 St,A,4028015.0,4154792.0,4187473.0,4197373.0,4049645.0,4112450.0,24580.0,25041.0,25659.0,25845.0,25879.0,25589,24960.0,27877.0,28757.0,26334.0,29950.0,26637
252,18 St,1,2533877.0,2585522.0,2622558.0,2676304.0,2687128.0,2594336.0,12914.0,13309.0,13460.0,13224.0,13377.0,13217,14568.0,13982.0,13877.0,15221.0,11504.0,13754
253,181 St,1,3496979.0,3608658.0,3751020.0,3779275.0,3772385.0,3742446.0,8437.0,8505.0,8638.0,8800.0,8903.0,8680,7867.0,7818.0,7883.0,8145.0,7759.0,7274
254,181 St,A,3242555.0,3309493.0,3456161.0,3628174.0,3459170.0,3453621.0,10978.0,11228.0,11673.0,11850.0,11578.0,11693,13682.0,13652.0,14173.0,13860.0,14919.0,14196
255,190 St,A,1473807.0,1472564.0,1458911.0,1530460.0,1460194.0,1494996.0,10223.0,10404.0,10861.0,11237.0,11294.0,10981,12549.0,12103.0,12667.0,14129.0,10509.0,12101
256,191 St,1,2512719.0,2598961.0,2700904.0,2713440.0,2730419.0,2657964.0,4592.0,4546.0,4549.0,4683.0,4748.0,4719,5974.0,5798.0,5531.0,6230.0,4546.0,5410
257,2 Av,F,5706955.0,5999079.0,5772265.0,5847710.0,5772537.0,5372036.0,8042.0,8258.0,8580.0,8619.0,8545.0,8419,9138.0,9028.0,9380.0,9434.0,10023.0,9547
258,207 St,1,2205288.0,1966949.0,2049587.0,2090297.0,2148169.0,2097830.0,17540.0,17801.0,17183.0,17355.0,17059.0,16675,24235.0,27022.0,25696.0,26503.0,26234.0,20998
259,215 St,1,599790.0,638224.0,626312.0,615177.0,636441.0,617727.0,6954.0,6098.0,6336.0,6514.0,6562.0,6524,8484.0,7565.0,7954.0,7858.0,8673.0,8116
260,23 St,1,4654520.0,4818903.0,4883773.0,4884678.0,4703374.0,4557216.0,1996.0,2078.0,2057.0,2012.0,2001.0,1988,1858.0,2023.0,1893.0,1910.0,2342.0,2108
261,23 St,6,8901705.0,9200337.0,9033835.0,8627481.0,8539378.0,8265227.0,14931.0,15283.0,15542.0,15451.0,15062.0,14763,16990.0,17138.0,17167.0,17640.0,15941.0,14948
262,23 St,C E,7155940.0,7629811.0,7923005.0,7844508.0,7543246.0,7410618.0,31053.0,31777.0,31212.0,29972.0,29452.0,28479,21335.0,20735.0,20246.0,18388.0,19249.0,19273
263,23 St,F M,8078511.0,8446249.0,8678810.0,8942154.0,8989195.0,8636801.0,23572.0,24782.0,25620.0,25731.0,24569.0,24161,23119.0,24391.0,25870.0,23887.0,23549.0,23444
264,23 St,R W,6805210.0,6905704.0,7348879.0,7965410.0,8151328.0,7651650.0,27977.0,28749.0,29327.0,30652.0,31078.0,30758,20120.0,20880.0,22545.0,21257.0,19973.0,15508
265,28 St,1,4346501.0,4548738.0,4666347.0,4665377.0,4544976.0,4348170.0,22981.0,22760.0,24060.0,25973.0,26693.0,25007,19597.0,20605.0,22743.0,25157.0,24898.0,24108
266,28 St,6,6688570.0,7076992.0,7107083.0,7214293.0,7161164.0,6836061.0,14597.0,15149.0,15568.0,15620.0,15253.0,14740,12833.0,12732.0,13004.0,12742.0,12098.0,11152
267,28 St,R W,3413315.0,3520209.0,3796977.0,4083143.0,4205109.0,4065263.0,22715.0,23696.0,23856.0,24470.0,24130.0,23081,18664.0,19269.0,19026.0,18121.0,18646.0,17989
268,3 Av,L,2182023.0,2310062.0,2473561.0,2386533.0,2449392.0,2319152.0,11502.0,11607.0,12407.0,13271.0,13680.0,13256,9883.0,10400.0,11795.0,13006.0,13195.0,12887
269,33 St,6,9374676.0,9756409.0,9798598.0,9701723.0,9577123.0,8916102.0,6532.0,6803.0,7193.0,7140.0,7179.0,6934,10073.0,10761.0,11875.0,10481.0,11420.0,10336
270,34 St-Herald Square,B D F M N Q R W,37154138.0,38213448.0,39285568.0,39541865.0,39000352.0,39672507.0,31877.0,32783.0,32863.0,32809.0,32153.0,30040,25926.0,26004.0,26363.0,24782.0,25391.0,23708
271,34 St-Hudson Yards,7,,,,692165.0,2691851.0,3098699.0,121120.0,122517.0,125355.0,126776.0,125682.0,127664,125297.0,128250.0,134816.0,132961.0,126221.0,132429
272,34 St-Penn Station,1 2 3,27010176.0,27730331.0,28638643.0,28309160.0,27741367.0,26034238.0,,,,2064.0,8507.0,10082,,,,3183.0,9618.0,9941
273,34 St-Penn Station,A C E,24851746.0,25726374.0,26493571.0,26147434.0,25183869.0,24366500.0,88929.0,90042.0,92693.0,92176.0,90524.0,85585,87177.0,87791.0,92317.0,88770.0,84702.0,78533
274,42 St-Bryant Pk /5 Av,B D F M 7,14917245.0,15527439.0,15896805.0,16220605.0,16934142.0,16594289.0,82511.0,83717.0,85634.0,84778.0,82584.0,78904,76888.0,80788.0,86057.0,83698.0,74992.0,78878
275,47-50 Sts-Rockefeller Center,B D F M,17091251.0,17759382.0,18236646.0,18469446.0,18086203.0,17471620.0,51962.0,53222.0,54289.0,55400.0,57793.0,57395,35250.0,36169.0,37872.0,38673.0,40137.0,37101
276,49 St,N R W,8186576.0,8155010.0,8544694.0,8029988.0,8754627.0,8626669.0,59749.0,61099.0,62693.0,63803.0,62283.0,61478,39051.0,39972.0,41198.0,40299.0,39633.0,33776
277,5 Av-53 St,E M,6744422.0,7298061.0,7543062.0,7597212.0,7240517.0,7111270.0,25793.0,25356.0,26546.0,25459.0,27077.0,26519,31697.0,31139.0,32745.0,28130.0,33634.0,34714
278,5 Av-59 St,N R W,5941836.0,5927685.0,6155019.0,6017047.0,5929715.0,5367130.0,24727.0,25939.0,26761.0,26955.0,26566.0,25746,10344.0,12815.0,13416.0,13438.0,8340.0,10450
279,50 St,1,7927578.0,8074270.0,8450496.0,8266677.0,8157242.0,7751756.0,18816.0,18394.0,19245.0,18957.0,18637.0,16871,22443.0,22737.0,22921.0,21633.0,21376.0,19704
280,50 St,C E,5714183.0,6259935.0,6867521.0,6826275.0,6778797.0,6694422.0,25930.0,26192.0,27251.0,26927.0,26362.0,25932,26513.0,25883.0,27848.0,26084.0,26277.0,21338
281,57 St,F,4408190.0,4520733.0,4603639.0,4720245.0,4821309.0,4557372.0,17892.0,19406.0,20993.0,20828.0,20921.0,20502,22505.0,24262.0,27942.0,27920.0,26306.0,27120
282,57 St-7 Av,N Q R W,8726980.0,8945751.0,9314649.0,9512090.0,9616547.0,11300097.0,14743.0,15363.0,15506.0,15725.0,15768.0,15154,13207.0,11094.0,11907.0,13122.0,14693.0,13057
283,59 St-Columbus Circle,A B C D 1,21599586.0,22774421.0,23566961.0,23299666.0,23203443.0,22929203.0,28044.0,28159.0,29414.0,29976.0,30311.0,35390,31343.0,32616.0,33579.0,34519.0,34509.0,42436
284,66 St-Lincoln Center,1,7367599.0,7527781.0,7772308.0,7790234.0,7606975.0,7002620.0,69653.0,72236.0,74572.0,73954.0,73836.0,73105,76520.0,80476.0,84152.0,82220.0,80270.0,79870
285,68 St-Hunter College,6,10373302.0,10520477.0,10545971.0,10237854.0,10124694.0,6998999.0,23305.0,23651.0,24311.0,24631.0,24064.0,22918,28259.0,27722.0,29160.0,28054.0,27001.0,21674
286,7 Av,B D E,4384090.0,4744808.0,5092341.0,5252615.0,5162589.0,5105535.0,36109.0,36562.0,36208.0,35640.0,35068.0,24456,25112.0,22699.0,24694.0,21588.0,22104.0,14682
287,72 St,1 2 3,13043031.0,13456906.0,13375012.0,13341361.0,13257766.0,12749746.0,14922.0,15800.0,16833.0,17356.0,17538.0,17334,11945.0,13228.0,14772.0,15228.0,12512.0,12818
288,72 St,B C,2832934.0,2942517.0,3015722.0,2979236.0,2921892.0,2799974.0,40271.0,40853.0,40639.0,40506.0,40450.0,38957,54346.0,56182.0,55681.0,55779.0,54054.0,52456
289,72 St,Q,,,,,,8536209.0,8875.0,9067.0,9361.0,9443.0,9448.0,8803,11146.0,11601.0,11524.0,10393.0,9285.0,10240
290,77 St,6,11109431.0,11167386.0,11454604.0,11014861.0,10927200.0,8276168.0,,,,,,28145,,,,,,25717
291,79 St,1,5292422.0,5438078.0,5601595.0,5534255.0,5371624.0,5102655.0,36846.0,37182.0,37521.0,36797.0,36103.0,27584,35034.0,31629.0,35140.0,30244.0,31824.0,23424
292,8 St-New York University,R W,5663358.0,5379647.0,5635598.0,5894747.0,6030544.0,5569352.0,16349.0,16576.0,16987.0,16865.0,16372.0,15698,22065.0,22409.0,23523.0,22886.0,21987.0,20497
293,81 St-Museum of Natural History,B C,4232404.0,4477625.0,4561347.0,4584041.0,4517912.0,4328599.0,17766.0,16597.0,17248.0,17902.0,18305.0,16994,22455.0,21349.0,23087.0,24844.0,25216.0,23227
294,86 St,1,6219513.0,6333352.0,6519979.0,6464625.0,6359252.0,5988837.0,13119.0,13663.0,13935.0,14129.0,14140.0,13313,17404.0,18407.0,18592.0,18041.0,16569.0,17293
295,86 St,4 5 6,19686985.0,20528208.0,20735032.0,20890828.0,20337593.0,14277369.0,19677.0,19766.0,20221.0,20145.0,19757.0,18882,23823.0,23929.0,25221.0,24588.0,24228.0,21901
296,86 St,B C,3300644.0,3408922.0,3515551.0,3474343.0,3478317.0,3177707.0,63550.0,64741.0,65634.0,65948.0,64793.0,45882,70146.0,74891.0,74502.0,76054.0,70271.0,48187
297,86 St,Q,,,,,,7693260.0,11093.0,11236.0,11605.0,11594.0,11809.0,10681,9680.0,10117.0,10321.0,9597.0,8603.0,8558
298,96 St,1 2 3,12108040.0,12582947.0,13108304.0,13008596.0,12700397.0,11948981.0,,,,,,23722,,,,,,30782
299,96 St,6,7708346.0,7785646.0,7958453.0,8294978.0,8004488.0,5576058.0,37941.0,38711.0,39254.0,39434.0,38859.0,37043,48008.0,50175.0,57611.0,54984.0,51360.0,46701
300,96 St,B C,2829949.0,2979535.0,3089701.0,3084906.0,3044779.0,2887965.0,26070.0,26232.0,26529.0,28060.0,26939.0,18983,21960.0,20498.0,22217.0,21115.0,21033.0,13940
301,96 St,Q,,,,,,5445960.0,9514.0,9815.0,10203.0,10365.0,10425.0,9733,8283.0,8883.0,9061.0,8183.0,7127.0,7663
302,Astor Place,6,5535996.0,5775276.0,5751688.0,5447655.0,5271496.0,5245449.0,,,,,,17150,,,,,,20019
303,Bowery,J Z,968629.0,970576.0,1057000.0,1184920.0,1223959.0,1327970.0,17607.0,17914.0,17803.0,17274.0,16806.0,16377,21020.0,22486.0,22557.0,19413.0,18199.0,20081
304,Bowling Green,4 5,7990789.0,9081649.0,10261064.0,9153462.0,8870811.0,8234513.0,2746.0,2743.0,3015.0,3325.0,3504.0,3715,5145.0,4982.0,5320.0,6200.0,6071.0,7018
305,Broad St,J Z,1315012.0,1436506.0,1662905.0,1834780.0,2064292.0,2056754.0,28183.0,30640.0,34830.0,31556.0,31522.0,29395,17227.0,23531.0,25472.0,20356.0,15072.0,13956
306,Broadway-Lafayette St /Bleecker St,B D F M 6,11792114.0,12560629.0,12913327.0,12666868.0,12405639.0,11956465.0,5261.0,5635.0,6525.0,6865.0,7279.0,7130,95.0,97.0,101.0,1624.0,3905.0,4549
307,Brooklyn Bridge-City Hall /Chambers St,4 5 6 J Z,10650508.0,10721984.0,10938927.0,10481576.0,10059080.0,9360484.0,37283.0,38799.0,40148.0,39724.0,39058.0,37986,45632.0,49686.0,49789.0,47332.0,45189.0,42746
308,Canal St,1,1727415.0,1787110.0,1859071.0,1830920.0,1801063.0,1756236.0,36993.0,36680.0,37160.0,35858.0,34352.0,31804,26025.0,25612.0,27091.0,24778.0,24004.0,23682
309,Canal St,A C E,5612068.0,5922371.0,6013138.0,6011243.0,5753945.0,5932386.0,5854.0,6039.0,6277.0,6275.0,6116.0,5996,4875.0,4628.0,4838.0,4339.0,4478.0,4333
310,Canal St,J N Q R W Z 6,15529659.0,15227139.0,15104077.0,15094135.0,15274896.0,16285516.0,19097.0,19738.0,19974.0,20103.0,19660.0,19789,15441.0,16622.0,17158.0,16478.0,13617.0,16742
311,Cathedral Pkwy-110 St,1,4491643.0,4557743.0,4301285.0,4280482.0,4160302.0,3947489.0,45952.0,44696.0,44362.0,44409.0,45030.0,47601,73859.0,70691.0,69891.0,69347.0,69319.0,76893
312,Cathedral Pkwy-110 St,B C,2207790.0,2301545.0,2351549.0,2376166.0,2354421.0,2377135.0,13870.0,13874.0,13630.0,13444.0,12926.0,12394,18710.0,18818.0,15081.0,15655.0,15761.0,14588
313,Central Park North-110 St,2 3,2808386.0,2932790.0,3110140.0,3188551.0,3147750.0,2963206.0,6933.0,7117.0,7253.0,7490.0,7553.0,7523,8652.0,8988.0,9270.0,8577.0,7851.0,8562
314,Chambers St,1 2 3,6603287.0,6755281.0,6973674.0,7054771.0,6948976.0,6459435.0,8751.0,9130.0,9559.0,9865.0,9855.0,9233,11305.0,11087.0,12384.0,12369.0,11542.0,11292
315,Chambers St /WTC /Park Place,A C E 2 3,15364366.0,15641210.0,16088983.0,16910084.0,16079624.0,14825863.0,23151.0,23147.0,23862.0,23997.0,23574.0,22419,15240.0,16085.0,16750.0,17656.0,17555.0,14348
316,Christopher St-Sheridan Sq,1,3435088.0,3433544.0,3480159.0,3363949.0,3307136.0,3193169.0,53589.0,53426.0,55683.0,57616.0,55038.0,51298,36362.0,37769.0,34977.0,41206.0,37811.0,33325
317,City Hall,R W,2094122.0,1560414.0,1151646.0,1828806.0,1977733.0,2258254.0,10068.0,10076.0,10060.0,9898.0,9792.0,9570,16848.0,16017.0,16989.0,15634.0,14890.0,14050
318,Cortlandt St,1,0.0,0.0,0.0,0.0,0.0,,7330.0,5666.0,4344.0,6310.0,6766.0,7731,4819.0,2167.0,892.0,4077.0,4685.0,5505
319,Cortlandt St,R W,2062289.0,1601732.0,1500040.0,2713532.0,4270036.0,6101278.0,0.0,0.0,0.0,0.0,0.0,0,0.0,0.0,0.0,0.0,0.0,0
320,Delancey St /Essex St,F J M Z,7280936.0,7759914.0,7909365.0,8226975.0,8458101.0,8128719.0,6393.0,5497.0,5393.0,8549.0,12868.0,19058,8372.0,3626.0,2365.0,9733.0,18064.0,23129
321,Dyckman St,1,1231954.0,2094538.0,2298848.0,2317843.0,2410021.0,2329753.0,22846.0,23691.0,24154.0,24902.0,25625.0,24993,28830.0,31807.0,32364.0,34843.0,35416.0,32713
322,Dyckman St,A,2344316.0,2112706.0,2158170.0,2244154.0,2135271.0,2165366.0,3795.0,6564.0,7112.0,7233.0,7297.0,7231,5184.0,7683.0,8877.0,8645.0,10010.0,9052
323,East Broadway,F,4021679.0,4208654.0,4379909.0,4576662.0,4752739.0,4458909.0,7375.0,6557.0,6687.0,6831.0,6874.0,6739,9142.0,8140.0,8366.0,9296.0,6925.0,8253
324,Franklin St,1,1714218.0,1703889.0,1745841.0,1731354.0,1782203.0,1700180.0,13052.0,13276.0,13720.0,14228.0,14654.0,14365,13734.0,15077.0,16041.0,17418.0,18482.0,14803
325,Fulton St,A C J Z 2 3 4 5,17868334.0,18721694.0,20102397.0,21671684.0,25162937.0,26838473.0,5931.0,5825.0,5867.0,5825.0,5984.0,5809,4279.0,4093.0,4656.0,4617.0,4762.0,4171
326,Grand Central-42 St,S 4 5 6 7,42984249.0,44893301.0,46074652.0,46737564.0,46121509.0,44928488.0,62779.0,64461.0,69444.0,74676.0,85440.0,91771,40109.0,42662.0,44299.0,48634.0,61805.0,64620
327,Grand St,B D,7658249.0,7994060.0,8131543.0,8010864.0,7942505.0,7653408.0,150266.0,153861.0,157899.0,160294.0,158580.0,154711,99936.0,105452.0,108091.0,109137.0,104291.0,103578
328,Harlem-148 St,3,1110842.0,1171372.0,1209633.0,1269910.0,1220407.0,1209846.0,23406.0,23770.0,24153.0,24281.0,24649.0,24460,32714.0,35565.0,36238.0,33632.0,29977.0,26192
329,Houston St,1,4287926.0,4510538.0,4562690.0,4377409.0,4375993.0,4326280.0,3616.0,3790.0,3952.0,4096.0,4017.0,3899,3786.0,3777.0,3745.0,4157.0,3597.0,4025
330,Inwood-207 St,A,2795992.0,2897438.0,2981271.0,3068931.0,2904915.0,2954523.0,15247.0,15736.0,15878.0,15286.0,15333.0,15283,8851.0,9365.0,9686.0,9088.0,8717.0,8341
331,Lexington Av /59 St,N R W 4 5 6,20628942.0,21282767.0,21557198.0,21407792.0,21000635.0,17888188.0,8717.0,8866.0,9136.0,9317.0,9350.0,9217,11333.0,11856.0,12130.0,12944.0,9526.0,11110
332,Lexington Av-53 St /51 St,E M 6,19280036.0,20262110.0,20513370.0,20479923.0,19929405.0,18940774.0,67478.0,67841.0,69332.0,68988.0,67684.0,58467,69374.0,74118.0,72247.0,71184.0,68953.0,56014
333,Lexington Av-63 St,F Q,4566850.0,4462467.0,4479963.0,4718159.0,5033950.0,6389408.0,67821.0,69973.0,70606.0,70686.0,69750.0,66118,42957.0,45260.0,46802.0,45716.0,39505.0,39678
334,Marble Hill-225 St,1,1721707.0,1725406.0,1846582.0,1809998.0,1777035.0,1726646.0,15639.0,15404.0,15493.0,16098.0,16988.0,20893,12191.0,9928.0,9863.0,11517.0,13089.0,20030
335,Prince St,R W,5508110.0,5209433.0,5311765.0,5386641.0,5314922.0,4990346.0,5380.0,5456.0,5766.0,5732.0,5636.0,5473,6846.0,6079.0,6879.0,6343.0,6137.0,6168
336,Rector St,1,3055453.0,3398383.0,3393420.0,3042815.0,2805381.0,2861772.0,16344.0,15261.0,15404.0,15597.0,15424.0,14400,25952.0,24428.0,25668.0,26154.0,25371.0,24575
337,Rector St,R W,2053706.0,1524110.0,1116833.0,1896968.0,2038348.0,2213971.0,10065.0,11323.0,10869.0,10625.0,9788.0,9453,9776.0,9328.0,11503.0,6098.0,5566.0,8509
338,Roosevelt Island,F,2026567.0,1948925.0,1870476.0,1966493.0,2110471.0,2361627.0,6912.0,5362.0,4127.0,6157.0,6524.0,7092,5985.0,2917.0,1252.0,6066.0,6972.0,7654
339,South Ferry /Whitehall St,1 R W,8123655.0,6192660.0,7116897.0,8750364.0,9009136.0,10205836.0,6430.0,6321.0,5998.0,6197.0,6630.0,7354,7571.0,6123.0,6200.0,7100.0,7677.0,9005
340,Spring St,6,3999949.0,4123703.0,4169799.0,3804403.0,3792870.0,3701740.0,26576.0,20405.0,23017.0,28809.0,29534.0,33019,26929.0,17996.0,22932.0,25555.0,26858.0,33326
341,Spring St,C E,3718956.0,3874428.0,3965206.0,3782314.0,3744702.0,3637863.0,12153.0,12257.0,12327.0,11543.0,11390.0,11019,17778.0,18557.0,19054.0,15934.0,16329.0,16643
342,Times Sq-42 St /42 St,N Q R W S 1 2 3 7 A C E,62069437.0,63617614.0,65948730.0,66359208.0,64531511.0,64815739.0,12604.0,13136.0,13319.0,12914.0,12775.0,12360,10489.0,9874.0,10639.0,9150.0,8974.0,9190
343,Wall St,2 3,7034940.0,7473489.0,7845023.0,7650853.0,7689447.0,6935020.0,195464.0,197696.0,204908.0,206247.0,202363.0,203545,239674.0,242742.0,251718.0,253004.0,234830.0,239225
344,Wall St,4 5,6658687.0,7231884.0,7437325.0,6708745.0,6148384.0,5704122.0,25682.0,26706.0,28075.0,27242.0,27291.0,26022,11514.0,12562.0,12869.0,13262.0,13671.0,6268
345,West 4 St-Washington Sq,A B C D E F M,12727443.0,13533369.0,13942101.0,14147148.0,13955067.0,13849130.0,23992.0,25078.0,25619.0,23595.0,22211.0,20420,12233.0,15682.0,16810.0,12913.0,8953.0,9579
346,103 St-Corona Plaza,7,6130376.0,6314870.0,6464627.0,6527196.0,6504644.0,6498237.0,39157.0,40798.0,41968.0,42760.0,42755.0,41835,54177.0,58299.0,60412.0,60441.0,56440.0,59543
347,104 St,A,507774.0,516000.0,388144.0,538400.0,626547.0,560309.0,18984.0,19216.0,19814.0,20044.0,20282.0,20101,25246.0,26098.0,25974.0,26056.0,24283.0,25432
348,104 St,J Z,755193.0,779537.0,827890.0,841545.0,850903.0,502541.0,1725.0,1736.0,1333.0,1890.0,2189.0,1900,1401.0,1350.0,887.0,1014.0,1232.0,1425
349,111 St,7,3473313.0,3607926.0,3659225.0,3699843.0,3753756.0,3721445.0,2553.0,2575.0,2659.0,2710.0,2758.0,1727,2108.0,2251.0,2763.0,2774.0,2686.0,1123
350,111 St,A,796622.0,795820.0,802831.0,767647.0,561857.0,748813.0,10655.0,10914.0,11091.0,11198.0,11421.0,11384,14741.0,15183.0,15279.0,15536.0,15324.0,15140
351,111 St,J,764882.0,780300.0,802275.0,812055.0,805255.0,948885.0,2728.0,2718.0,2815.0,2727.0,1947.0,2571,2102.0,1902.0,1558.0,1303.0,1192.0,1754
352,121 St,J Z,664855.0,688985.0,766469.0,788674.0,794687.0,337075.0,2613.0,2605.0,2596.0,2627.0,2607.0,3235,2021.0,2130.0,2594.0,2630.0,2566.0,2296
353,169 St,F,2759602.0,2834112.0,2854274.0,2858542.0,2787763.0,2629975.0,2218.0,2222.0,2397.0,2462.0,2500.0,1135,1991.0,2249.0,2861.0,2973.0,2872.0,858
354,21 St,G,469173.0,422616.0,427353.0,533529.0,580065.0,598061.0,8944.0,9042.0,9106.0,9138.0,9016.0,8671,9576.0,9758.0,9811.0,9757.0,8924.0,7789
355,21 St-Queensbridge,F,2654261.0,2631860.0,2683624.0,2884831.0,3009540.0,3157675.0,1478.0,1309.0,1265.0,1564.0,1735.0,1863,1841.0,1636.0,1958.0,2488.0,2528.0,2252
356,30 Av,N W,4622323.0,4776709.0,4808350.0,4745260.0,4694548.0,3437709.0,8749.0,8761.0,8914.0,9447.0,9779.0,10209,8532.0,7288.0,7510.0,8754.0,9460.0,10350
357,33 St-Rawson St,7,3752701.0,3899003.0,3892589.0,3712153.0,3636632.0,3402610.0,14515.0,14802.0,14897.0,14771.0,14739.0,11381,18212.0,18570.0,18683.0,18131.0,17197.0,10161
358,36 Av,N W,2412794.0,2462645.0,2439630.0,2394564.0,2343925.0,1677211.0,13985.0,14246.0,14256.0,13604.0,13302.0,12429,4920.0,5153.0,4964.0,4690.0,4650.0,4682
359,36 St,M R,1257059.0,1278109.0,1307054.0,1339754.0,1355271.0,1362430.0,7669.0,7688.0,7577.0,7447.0,7347.0,5525,9088.0,9308.0,9385.0,9180.0,8650.0,5084
360,39 Av,N W,930291.0,1012381.0,1104375.0,1072026.0,1016809.0,979103.0,4502.0,4540.0,4597.0,4733.0,4776.0,4786,2454.0,2269.0,2525.0,2499.0,2545.0,2705
361,40 St-Lowery St,7,3393418.0,3483507.0,3496675.0,3421569.0,3399567.0,3261769.0,3044.0,3262.0,3504.0,3391.0,3207.0,3267,3110.0,3346.0,3884.0,3813.0,3631.0,2733
362,46 St,M R,2978233.0,3014082.0,3021219.0,2956981.0,2904517.0,2781811.0,10919.0,11100.0,11211.0,11053.0,11089.0,10624,12122.0,12069.0,11750.0,11090.0,10421.0,10309
363,46 St-Bliss St,7,4638262.0,4734334.0,4695672.0,4593351.0,4541003.0,4303987.0,9482.0,9529.0,9608.0,9439.0,9362.0,9049,11137.0,10818.0,10555.0,10187.0,9461.0,8857
364,52 St,7,2138307.0,2182725.0,2214115.0,2177884.0,2131770.0,2027659.0,14499.0,14656.0,14634.0,14413.0,14335.0,13614,18491.0,18380.0,17715.0,16827.0,16110.0,15447
365,63 Dr-Rego Park,M R,4998378.0,5129203.0,5272014.0,5244226.0,5219811.0,4991559.0,6748.0,6830.0,6951.0,6888.0,6795.0,6495,8221.0,8112.0,8108.0,7725.0,7252.0,6885
366,65 St,M R,1131591.0,1124823.0,1159576.0,1192281.0,1183534.0,1120703.0,16056.0,16334.0,16771.0,16770.0,16868.0,16323,17997.0,17836.0,18386.0,17915.0,16777.0,15512
367,67 Av,M R,2770364.0,2818350.0,2851905.0,2853794.0,2807769.0,2695321.0,3551.0,3532.0,3647.0,3762.0,3747.0,3621,4453.0,4122.0,4223.0,4289.0,4144.0,3661
368,69 St,7,1647057.0,1671584.0,1685222.0,1629526.0,1643806.0,1602770.0,9403.0,9475.0,9544.0,9548.0,9479.0,9181,7702.0,7467.0,7743.0,7778.0,7163.0,6692
369,74-Bway /Jackson Hts-Roosevelt Av,7 E F M R,16366669.0,16864938.0,17087795.0,17224537.0,17301839.0,17095073.0,5031.0,5085.0,5128.0,4988.0,5072.0,4973,7107.0,6901.0,6941.0,6557.0,6362.0,6186
370,75 Av,E F,1130707.0,1155836.0,1131705.0,1136305.0,1102600.0,994127.0,50194.0,50841.0,51285.0,51925.0,52296.0,52018,69688.0,71930.0,73919.0,73373.0,72305.0,70841
371,75 St-Elderts Ln,J Z,1107947.0,1138544.0,1172162.0,1196186.0,1187714.0,1069608.0,3735.0,3763.0,3742.0,3756.0,3710.0,3365,3615.0,3647.0,3276.0,3307.0,2857.0,2554
372,80 St,A,1294099.0,1310413.0,1507116.0,1465264.0,1098234.0,1346296.0,3757.0,3759.0,3777.0,3837.0,3837.0,3641,3046.0,3297.0,3854.0,4013.0,3816.0,2588
373,82 St-Jackson Hts,7,5013810.0,5139172.0,5172595.0,5128506.0,5089971.0,5018542.0,4253.0,4291.0,4664.0,4445.0,3574.0,4416,4212.0,3984.0,5915.0,6203.0,3405.0,4101
374,85 St-Forest Pkwy,J,1125639.0,1157863.0,1212661.0,1239793.0,1237770.0,1156600.0,15582.0,15662.0,15899.0,15711.0,15765.0,15393,20374.0,21133.0,20557.0,20622.0,19491.0,20237
375,88 St,A,792615.0,808822.0,613296.0,1011163.0,952251.0,880776.0,3776.0,3792.0,3860.0,3947.0,3968.0,3923,3279.0,3500.0,4207.0,4297.0,4113.0,2867
376,90 St-Elmhurst Av,7,5428872.0,5513135.0,5480059.0,5489630.0,5471961.0,5460868.0,2677.0,2719.0,2065.0,3464.0,3221.0,2965,2257.0,2128.0,1599.0,2316.0,2386.0,2335
377,Aqueduct Racetrack,A,0.0,213601.0,630644.0,672734.0,676971.0,641464.0,16768.0,16743.0,16747.0,16814.0,16957.0,16848,22506.0,22890.0,22235.0,22079.0,20866.0,21543
378,Aqueduct-North Conduit Av,A,890505.0,698115.0,357399.0,365488.0,342494.0,309029.0,0.0,551.0,1597.0,1711.0,1739.0,1672,0.0,1325.0,4054.0,4297.0,4211.0,3884
379,Astoria Blvd,N W,3871213.0,3962838.0,3914637.0,3926062.0,3894399.0,3988480.0,2430.0,1951.0,1122.0,1181.0,1125.0,1031,5067.0,3627.0,1308.0,1185.0,1016.0,860
380,Astoria-Ditmars Blvd,N W,5233305.0,5405084.0,5416919.0,5407027.0,5429314.0,5031462.0,12127.0,12210.0,12209.0,12344.0,12358.0,13103,15354.0,15715.0,14815.0,14410.0,13659.0,12273
381,Beach 105 St,A S,82088.0,48916.0,82980.0,99254.0,95469.0,97654.0,16777.0,17039.0,17178.0,17181.0,17345.0,16686,19077.0,19697.0,19227.0,19057.0,18533.0,14759
382,Beach 25 St,A,437602.0,267585.0,519843.0,570312.0,601116.0,582975.0,253.0,141.0,260.0,305.0,289.0,278,325.0,229.0,297.0,374.0,396.0,462
383,Beach 36 St,A,217880.0,143400.0,272799.0,296860.0,305816.0,298395.0,1494.0,904.0,1722.0,1861.0,1968.0,1925,1163.0,674.0,1479.0,1753.0,1806.0,1699
384,Beach 44 St,A,161946.0,91331.0,181758.0,197543.0,212440.0,214473.0,718.0,466.0,872.0,936.0,975.0,962,696.0,443.0,921.0,1056.0,1037.0,973
385,Beach 60 St,A,588970.0,406698.0,772376.0,801015.0,794595.0,726189.0,538.0,297.0,581.0,624.0,676.0,690,496.0,284.0,612.0,698.0,721.0,709
386,Beach 67 St-Arverne By The Sea,A,572418.0,357807.0,701784.0,799134.0,811248.0,792444.0,1924.0,1317.0,2448.0,2501.0,2507.0,2319,1954.0,1286.0,2702.0,2977.0,2810.0,2468
387,Beach 90 St,A S,305397.0,194416.0,306284.0,333006.0,335515.0,411887.0,1859.0,1118.0,2183.0,2407.0,2493.0,2440,1947.0,1323.0,2642.0,3371.0,3189.0,3093
388,Beach 98 St,A S,193332.0,100594.0,200197.0,214040.0,203795.0,180588.0,877.0,463.0,846.0,946.0,939.0,1110,1563.0,1401.0,1646.0,1609.0,1751.0,2344
389,Briarwood-Van Wyck Blvd,E F,1563242.0,1427813.0,1427017.0,1479278.0,1515926.0,1489396.0,572.0,292.0,563.0,608.0,579.0,531,874.0,474.0,1011.0,1025.0,1023.0,799
390,Broad Channel,A S,75969.0,36849.0,74386.0,91766.0,91208.0,87774.0,5196.0,4664.0,4695.0,4876.0,5057.0,5061,4827.0,4417.0,4242.0,4354.0,4126.0,3718
391,Broadway,N W,4161120.0,4325297.0,4407347.0,4300632.0,4189306.0,4060805.0,267.0,127.0,251.0,310.0,313.0,302,171.0,84.0,191.0,234.0,210.0,204
392,Court Sq,E G M 7,5340581.0,6072768.0,6664442.0,6730837.0,6809217.0,7003218.0,13041.0,13280.0,13515.0,13236.0,12957.0,13242,16517.0,17411.0,17790.0,17142.0,16276.0,12922
393,Elmhurst Av,M R,4344648.0,4343633.0,4362316.0,4350714.0,4268747.0,4039686.0,18631.0,20446.0,22433.0,22717.0,23317.0,23672,12787.0,16214.0,17776.0,17591.0,16026.0,18322
394,Far Rockaway-Mott Av,A,1217871.0,806025.0,1486147.0,1576988.0,1572694.0,1472005.0,13562.0,13597.0,13568.0,13588.0,13508.0,12967,17262.0,16028.0,16519.0,16279.0,14896.0,13572
395,Flushing-Main St,7,19034789.0,19102434.0,19085948.0,19082391.0,19257879.0,18746832.0,4068.0,2651.0,4748.0,4989.0,5009.0,4738,3639.0,2355.0,5030.0,5569.0,5345.0,4846
396,Forest Av,M,1134938.0,1179301.0,1235376.0,1317289.0,1316296.0,796742.0,60540.0,60190.0,60252.0,60226.0,60259.0,58511,70993.0,68974.0,69065.0,68232.0,70714.0,70807
397,Forest Hills-71 Av,E F M R,8342293.0,8573480.0,8585239.0,8654547.0,8581096.0,8748221.0,3971.0,4103.0,4210.0,4386.0,4429.0,2819,2606.0,2423.0,3008.0,3678.0,3421.0,1424
398,Fresh Pond Rd,M,1590304.0,1534754.0,1676862.0,1806429.0,1831889.0,1198376.0,27537.0,27728.0,27784.0,28209.0,28135.0,27760,26787.0,27914.0,27854.0,27174.0,25846.0,31485
399,Grand Av-Newtown,M R,5741626.0,5832568.0,5861823.0,5995764.0,6057028.0,5792378.0,5545.0,5333.0,5677.0,6002.0,6130.0,4223,3739.0,3188.0,4273.0,5103.0,4919.0,2230
400,Howard Beach-JFK Airport,A,1074516.0,1626984.0,963503.0,1041816.0,1012067.0,1123405.0,18108.0,18298.0,18413.0,18955.0,19373.0,18754,22147.0,21480.0,21475.0,21443.0,20303.0,18805
401,Hunters Point Av,7,1704114.0,1710103.0,1791109.0,1848769.0,1994002.0,1999970.0,3227.0,4972.0,2835.0,3059.0,3011.0,3292,4751.0,6509.0,4349.0,4740.0,4365.0,5145
402,Jamaica Center-Parsons-Archer,E J Z,12204423.0,12507906.0,12784635.0,12622977.0,12470914.0,11604228.0,6521.0,6400.0,6666.0,6803.0,7292.0,7283,1442.0,1542.0,1738.0,2150.0,2523.0,2765
403,Jamaica-179 St,F,6767423.0,6868439.0,6818494.0,6898938.0,6783119.0,6463698.0,41130.0,41686.0,42261.0,42115.0,41603.0,39326,35186.0,34680.0,37145.0,34737.0,34062.0,29466
404,Jamaica-Van Wyck,E,1552178.0,1565998.0,1587413.0,1545016.0,1536716.0,1555962.0,23330.0,23280.0,23093.0,23417.0,23121.0,22421,17189.0,17318.0,17249.0,17197.0,16265.0,14061
405,Junction Blvd,7,6784942.0,6816700.0,6946966.0,7064435.0,7249912.0,7084849.0,4930.0,4992.0,5121.0,5092.0,5022.0,4972,5876.0,5422.0,5200.0,4532.0,4672.0,5407
406,Kew Gardens-Union Turnpike,E F,8296905.0,8609185.0,8363109.0,8354731.0,8109611.0,7811007.0,20938.0,20818.0,21116.0,21557.0,22051.0,21751,28341.0,27840.0,28848.0,28900.0,29702.0,28592
407,Mets-Willets Point,7,1693024.0,1902121.0,1875472.0,2120859.0,2004343.0,1873789.0,27884.0,28289.0,27693.0,27558.0,27085.0,26493,24355.0,25970.0,24147.0,24732.0,22088.0,19813
408,Middle Village-Metropolitan Av,M,1189616.0,1200171.0,1300110.0,1361246.0,1365048.0,875782.0,4618.0,4675.0,4555.0,5244.0,5367.0,5028,9273.0,12709.0,12295.0,14507.0,11209.0,10608
409,Northern Blvd,M R,2214223.0,2239136.0,2290836.0,2282296.0,2264100.0,2140551.0,4053.0,4092.0,4318.0,4489.0,4530.0,3064,3268.0,2900.0,3733.0,4030.0,3868.0,1753
410,Ozone Park-Lefferts Blvd,A,2246624.0,2262961.0,2263109.0,2224331.0,2351557.0,2306419.0,7201.0,7235.0,7431.0,7428.0,7413.0,7107,7587.0,7285.0,7304.0,7178.0,6821.0,6133
411,Parsons Blvd,F,1950852.0,2035948.0,2052252.0,2094007.0,2063042.0,1998650.0,7460.0,7476.0,7641.0,7732.0,8023.0,7722,6976.0,6568.0,5764.0,4545.0,5538.0,6307
412,Queens Plaza,E M R,2747366.0,2855006.0,3005223.0,3101888.0,3124028.0,3374948.0,6329.0,6463.0,6540.0,6640.0,6644.0,6593,6740.0,7174.0,7096.0,7420.0,6736.0,5905
413,Queensboro Plaza,N W 7,3350219.0,3569290.0,3785260.0,3773168.0,4105500.0,4566287.0,9695.0,9696.0,10125.0,10475.0,10652.0,11369,6051.0,7189.0,7987.0,8111.0,7574.0,9040
414,Rockaway Blvd,A,2446937.0,2637100.0,2575171.0,1729268.0,2382252.0,2371645.0,10752.0,11132.0,11554.0,11786.0,12936.0,13502,12254.0,13610.0,15734.0,14352.0,14891.0,20654
415,Rockaway Park-Beach 116 St,A S,251080.0,135956.0,231407.0,255542.0,250220.0,235691.0,8045.0,8662.0,8474.0,5690.0,7683.0,7786,7989.0,7903.0,7630.0,5142.0,7763.0,7211
416,Seneca Av,M,716729.0,711011.0,755026.0,842069.0,854251.0,454373.0,741.0,379.0,677.0,747.0,727.0,683,1143.0,703.0,1053.0,1137.0,1167.0,1091
417,Steinway St,M R,4866245.0,4798179.0,4807448.0,4779346.0,4703321.0,4733777.0,2461.0,2428.0,2545.0,2726.0,2832.0,1576,1851.0,1653.0,1957.0,2712.0,2410.0,930
418,Sutphin Blvd,F,1468970.0,1550363.0,1468419.0,1506607.0,1414334.0,1338831.0,15061.0,14769.0,14870.0,14895.0,14836.0,14867,20193.0,19118.0,18764.0,18200.0,16851.0,17555
419,Sutphin Blvd-Archer Av-JFK Airport,E J Z,6975316.0,7303038.0,7633725.0,7767728.0,7904869.0,7457153.0,4760.0,4932.0,4795.0,4851.0,4652.0,4496,5086.0,5397.0,4502.0,4959.0,4134.0,3570
420,Vernon Blvd-Jackson Av,7,3357030.0,3726974.0,4169876.0,4462652.0,4877185.0,4821191.0,22285.0,23012.0,23747.0,24349.0,24796.0,23843,25388.0,26184.0,28862.0,28383.0,28587.0,25234
421,Woodhaven Blvd,J Z,1328319.0,1398536.0,1505920.0,1551590.0,1513298.0,1512676.0,11541.0,12610.0,14123.0,14819.0,15910.0,15781,8612.0,9491.0,10347.0,12582.0,14981.0,14901
422,Woodhaven Blvd,M R,7157320.0,7157254.0,7125205.0,7120037.0,7144921.0,6871409.0,4464.0,4576.0,4796.0,4940.0,4838.0,5104,3835.0,4255.0,5226.0,5388.0,5099.0,3884
423,Woodside-61 St,7,5273308.0,5330760.0,5356621.0,5432682.0,5511564.0,5457171.0,22521.0,22276.0,22156.0,22220.0,22483.0,21879,27847.0,27194.0,27105.0,26745.0,25550.0,23929
